{"type":"FeatureCollection","features":[{"type":"Feature","properties":{"terr_code":"T04"},"geometry":{"type":"Polygon","coordinates":[[[5.53270891498494,49.513099618611214],[5.519429329876856,49.50961731973221],[5.507264261000221,49.507618069525556],[5.500619493407511,49.5070132786236],[5.490441115686316,49.5074697595555],[5.4860743119429545,49.507085780924875],[5.482583018763626,49.505433513809024],[5.4784260787944765,49.50045687999695],[5.475397192100999,49.49842785368701],[5.473211022725947,49.497761542660264],[5.470963248465812,49.497700615632716],[5.468904550229867,49.49813003222663],[5.466732497083654,49.49916616152624],[5.4651371423046635,49.50195131761832],[5.464835469614347,49.50733915708495],[5.463939393978749,49.50898827066356],[5.460507301332539,49.51116916978049],[5.454307235313046,49.51363683019125],[5.450372181146319,49.51607525229397],[5.449073821409022,49.51763638444996],[5.449667843411886,49.51835640332136],[5.4547025530356095,49.52066819470783],[5.461203888413556,49.524879077342405],[5.465622368680007,49.52676412628599],[5.466093205230703,49.527521971706804],[5.466275737104265,49.52931918437961],[5.465857358009701,49.535533800376314],[5.4653508350341165,49.5372580444005],[5.464490426617041,49.538534919152546],[5.462814229498868,49.53989017663005],[5.445015402228884,49.54974635563286],[5.44319690169571,49.55136249706792],[5.443469154996593,49.55236229039068],[5.446962340326006,49.555114986808036],[5.456908791335178,49.56682146033832],[5.446322340603144,49.56724186494932],[5.441626148927511,49.56840805104085],[5.4389308429093015,49.56979260496226],[5.4376868993368275,49.57105411992295],[5.4364259007577695,49.57314238039241],[5.430557791574699,49.58625154750442],[5.429746239460734,49.58908305426357],[5.429641696051833,49.59311061979975],[5.427452396300994,49.59594203288151],[5.424199014822529,49.59811075598635],[5.418446011368206,49.60080543579401],[5.411434638644746,49.607317043622864],[5.408946825310038,49.608639111217286],[5.402423261248547,49.611017561605095],[5.395782646655628,49.616194816127745],[5.3917896899405,49.61782744080342],[5.381133265613846,49.620677275935165],[5.375815231776009,49.62313091030396],[5.370104938185366,49.62314384463618],[5.36559215636563,49.623827716953244],[5.352592192591394,49.63010350602799],[5.3505913725486645,49.63059589917408],[5.348266368278025,49.630554170002654],[5.3464870350853975,49.629795796086874],[5.344765397074774,49.62807466560991],[5.343762729114512,49.62610569543511],[5.342187183966836,49.621083807147606],[5.338558118903111,49.61675012594477],[5.336012405211113,49.616043271360425],[5.329520584358933,49.61602570486409],[5.326073580289585,49.61562338576152],[5.3197231195377945,49.613983484443544],[5.315249217093152,49.61194643642844],[5.314025581536808,49.6118566871338],[5.313099322912448,49.61221951332097],[5.312104528431674,49.61350570475992],[5.310345739294861,49.61772142557234],[5.307398245779804,49.62168388656962],[5.305867775612225,49.62437080707625],[5.305296274910463,49.62815434698807],[5.305976722840374,49.631112256145464],[5.309832329850669,49.63683789616212],[5.319621581657895,49.64620985669597],[5.323807297068894,49.64869268386035],[5.3323795313934195,49.6525284679251],[5.332508734072762,49.65300336820937],[5.330669174208186,49.65552701919682],[5.328061087434352,49.65796260836617],[5.30886709198098,49.67124265637554],[5.2949855122061535,49.67727022927131],[5.285828303789525,49.68304278082271],[5.282381395664803,49.68639402911512],[5.279543337652433,49.68986240127834],[5.273649140592475,49.69369024125687],[5.27034590593995,49.69519709995278],[5.267396539274325,49.69576196449023],[5.259298055066759,49.69437675380861],[5.255345204627011,49.69271320315786],[5.248409666989094,49.687638013216926],[5.2464190093245255,49.68669128253539],[5.2443657569359745,49.68621928018889],[5.243402008281336,49.68651406374629],[5.241428960130487,49.68845368129155],[5.239946505562625,49.68916860546909],[5.232626865983011,49.69085530064293],[5.22848436057079,49.69069603768681],[5.220617633420406,49.68889084893396],[5.217659606132823,49.688919600133374],[5.214877719140543,49.690121181851104],[5.20895707006666,49.69402444089873],[5.206504106336227,49.69481714896771],[5.204440205534278,49.69468370197556],[5.20036067551762,49.69329884952789],[5.197980820750214,49.69297374426854],[5.191176291899878,49.69423169790426],[5.1796746810218615,49.69399417816479],[5.170638478915285,49.69336129993441],[5.166461397887175,49.693739726886896],[5.165025726315745,49.69474414526432],[5.164062158837329,49.698271120143836],[5.164209126123852,49.70096457180509],[5.165744879007958,49.706977172614494],[5.165425525429999,49.710362120475935],[5.164572914360196,49.71200720649317],[5.163153987846244,49.7134642224893],[5.160919277225426,49.715273797097154],[5.158001704347471,49.71698270185813],[5.15292620587272,49.71863085322094],[5.148611608759895,49.71324748279251],[5.146630854364199,49.71169305574779],[5.1446822621419726,49.71093979602097],[5.143434670155924,49.711035283931196],[5.138644696105946,49.71287943237674],[5.128627828522714,49.713386927015414],[5.126653974755008,49.7140384436514],[5.124224526706679,49.71727900453686],[5.123650796276865,49.71855888573704],[5.123544474935769,49.72061658669189],[5.124096941618526,49.72503485795099],[5.1237576691786035,49.72734298166043],[5.117932134883926,49.738915555007466],[5.109304093244534,49.74877173905459],[5.095094111628389,49.76216710965598],[5.092633521860684,49.76394390404525],[5.090454736029016,49.7648137358826],[5.088522782949224,49.765066643416],[5.08229083175667,49.76308780589981],[5.074519791997075,49.761819147010456],[5.070653877173373,49.76165076857925],[5.065702666754391,49.7624177712795],[5.0638487605782645,49.76330377649783],[5.061121069410462,49.76595502804247],[5.059308924688662,49.76684637304692],[5.050305337428707,49.769457691223984],[5.0427898884996365,49.77074118177177],[5.03742980748863,49.77212256789561],[5.015593813047321,49.779554925295415],[5.009932906243665,49.78200825415498],[5.0080429009388565,49.7834179256251],[5.005014751002621,49.78843983568453],[4.998738403227662,49.7950467448248],[4.997062227494188,49.79861477455492],[4.99535938526391,49.79976789349572],[4.992671845141052,49.80023441698387],[4.983051215579574,49.80031617295465],[4.968761058802854,49.801578758442496],[4.969887608242505,49.80507563528137],[4.970481799047549,49.80960017289518],[4.971708436992516,49.811644666184336],[4.9786594182962345,49.81624744580466],[4.979096336992457,49.817301418856395],[4.978850753386036,49.81881841077407],[4.979437882128702,49.819579940788394],[4.9811611592094005,49.820304473374605],[4.986428922407784,49.8214163813254],[4.988296931821288,49.82304177691702],[4.98835427366301,49.8239265380024],[4.985364062838223,49.82676016396947],[4.984143125424072,49.82897487356103],[4.983540618656525,49.832481403972665],[4.98379375587377,49.83873566074823],[4.982933969589197,49.8408732436279],[4.981395196758901,49.84284400048822],[4.983048240046055,49.843498743518516],[4.985794338842303,49.8456738088989],[4.990569343214235,49.8519926196637],[5.000374546904551,49.856389536233934],[5.012456421651043,49.858661824209975],[5.023000468755791,49.86401103675933],[5.02481937521299,49.86554510028701],[5.025690970012778,49.86794406708799],[5.025101701937023,49.86998365046254],[5.023140942615158,49.871763163917485],[5.023016197611239,49.87229624982852],[5.023478966541569,49.87271970309301],[5.026166978492976,49.87314744109521],[5.033746264392789,49.87311401469401],[5.0366520432452395,49.873441556439126],[5.0431128427931595,49.87619583569321],[5.047827312667,49.87881065125342],[5.0557060792748,49.88182647300771],[5.0588041834388555,49.8836381385191],[5.060399625319171,49.88526583696195],[5.060254366692801,49.88604318292065],[5.058751546415774,49.886630657941716],[5.0521773712918945,49.88783512921914],[5.049225110458688,49.88884993342335],[5.045050249574454,49.89212537847154],[5.0448001893063585,49.89282620221834],[5.045145152217613,49.89402566106571],[5.046820984486034,49.89639100675726],[5.048153738063014,49.89732791168132],[5.057339982796459,49.89804500366224],[5.060034698932247,49.89879647280507],[5.062513445272264,49.900068348654116],[5.0644954222255345,49.90186044553963],[5.066228464824541,49.905764413075694],[5.067261246239428,49.907185290216056],[5.072429274068317,49.91168357328276],[5.074415139402635,49.91243530718328],[5.082736536117277,49.91398492153418],[5.090908896864488,49.91805020984182],[5.095741242375355,49.919533577430705],[5.100284501806985,49.920208173729506],[5.113440428938052,49.92063065783515],[5.116124453401942,49.92123414807213],[5.1176875491022615,49.922411842897475],[5.116775356720526,49.923252064771646],[5.111623701450472,49.925423425910715],[5.104187854428148,49.930581348415856],[5.101024969426984,49.93355672105075],[5.099312638221429,49.93609272372073],[5.098746605523915,49.93820360633496],[5.098951418391219,49.94092025452131],[5.099534654809317,49.94280959201104],[5.10163008488047,49.94673350574798],[5.102136172129235,49.949408168468096],[5.101078867516425,49.955769483570116],[5.100850603223947,49.9600396494332],[5.099910768061804,49.96167014245303],[5.0954262535394355,49.96179695633674],[5.091966118174734,49.96261374502032],[5.079682882495368,49.967402042498236],[5.07251308778791,49.97093513227508],[5.0689407722716675,49.97325073292178],[5.067125609755112,49.975101037758314],[5.066077704588538,49.977045905337434],[5.064819937715228,49.98141077007324],[5.063132724174554,49.98260201455988],[5.060057506749649,49.98377656598337],[5.054735831706468,49.984430869466244],[5.050857484064419,49.98554537386528],[5.049091882761217,49.98557052214339],[5.047009119243964,49.984783632636166],[5.043776084841566,49.98252757060748],[5.0415685656269105,49.98156494402572],[5.030291659976808,49.97861191194645],[5.026639306645476,49.97808975689295],[5.019573733553353,49.978265827884265],[5.0153403570056785,49.97924637229456],[5.010426194168052,49.98099921619379],[5.008752441385671,49.98222964175047],[5.008024272483048,49.98324989258447],[5.00748733615113,49.986380176252254],[5.008059070870001,49.98899616837555],[5.01102772416758,49.99235819038328],[5.01176115272515,49.99367651365726],[5.011869642964531,49.99510937946503],[5.011235216325886,49.996562603828636],[5.004910473667306,50.00069567622674],[4.996492300945067,50.00688945152202],[4.99576946605997,50.0082215566276],[4.996046127913436,50.012480461158454],[4.994905766226344,50.0144819526303],[4.993234288527355,50.01542779227756],[4.99078991023754,50.01613679460128],[4.988563176977626,50.018004901004886],[4.983533494952246,50.02330138828481],[4.976776278477914,50.026645011742495],[4.972993226995176,50.02899219731697],[4.978475992731397,50.029685061438116],[4.985380905283548,50.02835813258967],[4.9883527794327005,50.02857845382763],[4.990876855902947,50.02989075800656],[4.993135468769134,50.03221223512107],[4.994988354271303,50.04090262308868],[4.995786281583785,50.04255121207995],[4.997108696821016,50.043743081984715],[4.998989442550327,50.044191540010644],[5.001196902300911,50.043748109359136],[5.009352141771393,50.0388837139914],[5.011228224273653,50.03810063743221],[5.015607935410531,50.040765079015564],[5.024521973558515,50.04415223215524],[5.026889279364433,50.045804079743576],[5.030467966909399,50.04943023827742],[5.039490304659658,50.053248283489054],[5.041526849758766,50.05457773061325],[5.042855327493579,50.056401118565766],[5.0434083065604565,50.05979044002119],[5.043929047042194,50.06080278954717],[5.049670685089734,50.063938399302366],[5.051708925953354,50.065837395540626],[5.052988321363134,50.06761955550485],[5.053163246272219,50.07259674874213],[5.0526150365082545,50.07379035630516],[5.050819666837211,50.075884583168424],[5.050739687130475,50.07653366785797],[5.052289570895222,50.07701769480449],[5.057692780450874,50.07658787972501],[5.059002417441758,50.07723490740252],[5.059526517841779,50.07807908624286],[5.059519306048496,50.07894093511556],[5.0589608214488155,50.07981742096252],[5.055326599834571,50.08215942711156],[5.054241552035567,50.083406566432366],[5.053681453923227,50.085516723279966],[5.053578985456453,50.08828604940924],[5.055722584487188,50.09437130523039],[5.056158311824951,50.09937355183183],[5.0587058339251625,50.10401988882298],[5.062872556029425,50.116449705332776],[5.065835329273042,50.12309948268658],[5.06645794117648,50.123055452303696],[5.066996527612956,50.12236938015165],[5.066998341542038,50.11705332461029],[5.066204511654432,50.1151861656252],[5.062092922962421,50.109371422839914],[5.061654690925634,50.10707749550862],[5.0622688651364465,50.10563018653745],[5.0677610132299895,50.09976260935036],[5.0704057226220485,50.095983355734234],[5.072088511101411,50.09458807642215],[5.074117528396685,50.094059678906476],[5.096380651419494,50.09518448237222],[5.11494775750034,50.098543794341595],[5.119940918213563,50.09906427258737],[5.131490900322085,50.09793846005423],[5.137955455029371,50.0950232571009],[5.145406344685578,50.09445684661105],[5.152814478361583,50.094331805297585],[5.152842488393085,50.09488822705637],[5.153449982994713,50.09557239389145],[5.158533559298077,50.09901172457545],[5.160198813833639,50.09973815857625],[5.162886891919678,50.10012903204702],[5.183899165408447,50.100262887262545],[5.186866019502775,50.0998688507668],[5.190157199782173,50.098577043560056],[5.194695814796744,50.0983330595125],[5.198805954054517,50.09866679604523],[5.200687930934768,50.09786428488819],[5.202254484539148,50.09766740007222],[5.2194151638725055,50.10087810532884],[5.223553088454327,50.10197042943814],[5.225467007613033,50.10301639158457],[5.228832771970992,50.10706357417944],[5.231555629265116,50.10838873031614],[5.2348390744952,50.10936003669809],[5.238942701300852,50.1098712855801],[5.257213752477036,50.10959232940211],[5.260973358663952,50.10929752625944],[5.263058945988964,50.10848271939124],[5.267417011138034,50.11130527866279],[5.268593567388997,50.112861028330954],[5.2690307703341475,50.11517560630963],[5.268768438899017,50.11705074255843],[5.267252318366288,50.119140047341894],[5.264942560239143,50.12068083403795],[5.2610648737148065,50.122307361486776],[5.2549125715224605,50.126707113976366],[5.25325985851404,50.1273167622496],[5.248347398428072,50.12792430926646],[5.246441225665785,50.12876689394033],[5.244088536120681,50.13120782447878],[5.2437959830969945,50.1331390793294],[5.244773641672457,50.13439846216509],[5.246934975375874,50.135620475808544],[5.261116956902985,50.140729818446545],[5.264401585041932,50.14143932586414],[5.269114409252556,50.14094612890422],[5.270770582057258,50.1412524121546],[5.272489756332686,50.142245048602874],[5.275541830850909,50.145060990817186],[5.282103125067269,50.14821871725207],[5.283050570662748,50.149820024060446],[5.282204116631395,50.153827217082835],[5.280924154700094,50.15521455020722],[5.277906109816304,50.15639836882656],[5.2773780710694815,50.1569404304241],[5.278675029751859,50.158016114819624],[5.28086607109954,50.15871371260057],[5.27460761571748,50.159427419964494],[5.271859440329743,50.16056164379277],[5.270196866914934,50.16170046785849],[5.268177538379296,50.16372694590922],[5.264886172885541,50.16832858023769],[5.260324787483392,50.172269203529375],[5.253555791196717,50.179054292296],[5.2459175977675025,50.18529583974834],[5.244858427702418,50.18733061518585],[5.24544959348204,50.18869349769644],[5.248036881040239,50.191759591949676],[5.248176897926572,50.19260278559488],[5.247537270027922,50.193603821300755],[5.24603480803196,50.19406866270273],[5.241043798705955,50.194019976381284],[5.237015587131608,50.195542119150076],[5.236732269619496,50.19661549881185],[5.237335230781182,50.19759047168075],[5.243548226313911,50.20305873542316],[5.243701903753835,50.2040574315221],[5.242974297998921,50.20495679350668],[5.236593330937719,50.2091302117813],[5.232374591888083,50.21279963800543],[5.230358654993429,50.21403798972966],[5.227286921287435,50.214592776449145],[5.220043933057588,50.21495475894441],[5.210153322274723,50.21629588538081],[5.208460549155295,50.216808240885825],[5.208353414164055,50.21762326804483],[5.210314070117546,50.21944919448218],[5.214870496256977,50.22217588859749],[5.226155444444213,50.22616455921217],[5.228678916428846,50.22596722959998],[5.2339790741113745,50.223294032377055],[5.237128481375885,50.22290281780538],[5.245989909899883,50.22433589182841],[5.25360157282502,50.22611709780077],[5.25681630769994,50.2272073405768],[5.259634351135656,50.22943342789491],[5.260292408378871,50.230552328828516],[5.260320123372665,50.231525060631434],[5.259779586558223,50.23290758399505],[5.258582748371594,50.234496503824694],[5.254119979730194,50.23844476685149],[5.2540893727796245,50.2394109144803],[5.2636271570222934,50.24062508983808],[5.270449566312502,50.24213176650191],[5.274610084667872,50.24368696671387],[5.281766606743241,50.247337230268144],[5.282909729029229,50.247445886467354],[5.284022400328341,50.24705847557015],[5.290716715760541,50.24204706691216],[5.293814324526982,50.240720991458986],[5.296925108026447,50.241075635032644],[5.312839278596973,50.245636961827344],[5.31795257585664,50.24794936395038],[5.331890722853823,50.25532932357286],[5.334940505913537,50.25771152936754],[5.337607610044823,50.260636797919204],[5.34035087826315,50.26271432719909],[5.342890370937306,50.26438029260809],[5.351186064688746,50.268564139680926],[5.355698582860259,50.27229605233297],[5.35957807535844,50.27490907362928],[5.366918677087921,50.27747012906098],[5.37651761103738,50.278631662868776],[5.387000292931121,50.28421296360328],[5.391288875726945,50.28582728951457],[5.394164854679109,50.287741297426734],[5.395392621534985,50.290159966268725],[5.395125803909875,50.29295852022602],[5.393607851392566,50.29561852496604],[5.390818599919349,50.29794001696678],[5.392272073287297,50.29973453770308],[5.392439395485306,50.30067380787594],[5.391150946960814,50.30619384388987],[5.39100129485767,50.30992267648376],[5.388864999988022,50.31397225517596],[5.386475714698002,50.3170204674191],[5.384493240954988,50.31570479384834],[5.3816888415154445,50.31521568866162],[5.367500282319478,50.317566547974614],[5.365134386259873,50.31765871610137],[5.362465087197851,50.3172124854926],[5.359192580065505,50.31565121817261],[5.354045152538519,50.310248536449905],[5.348161661282528,50.306555031819784],[5.346380442587114,50.30701934733332],[5.3433491982821115,50.30965141707016],[5.342359483875151,50.31135402542914],[5.342341636887059,50.31392997071764],[5.343071953675296,50.31565344327961],[5.3447934427108335,50.31744204714776],[5.349952424387961,50.32046609532468],[5.354680657266988,50.32201652197842],[5.368669535779199,50.32471599467989],[5.374038922388923,50.32624621621182],[5.385316345517319,50.33167493908836],[5.388876814500032,50.33394081064919],[5.393238120033536,50.335900609429295],[5.394148470007941,50.33669156411837],[5.395197125184954,50.33953860342407],[5.3947399632082735,50.340899528481245],[5.392974036505395,50.342091283017204],[5.387886209593294,50.34396483453671],[5.385523669207462,50.34537066831345],[5.382707993915681,50.34909888497171],[5.3823381049285235,50.351281903206164],[5.383167377698084,50.352641952393256],[5.384606768194889,50.35390530083387],[5.393160879956702,50.360224510656074],[5.398142725530123,50.36308190159098],[5.400605443626183,50.366492989259385],[5.400813682702842,50.36758669921733],[5.399626652202673,50.369643925673856],[5.39970144011313,50.37331747940241],[5.39931398315147,50.37436515011309],[5.397195057172822,50.37651238488931],[5.393234013385147,50.379359098627056],[5.394855432967861,50.38044455027593],[5.396801803344484,50.38353682510851],[5.401520934876298,50.387162460043385],[5.407892055544903,50.391072378081255],[5.425067054919822,50.399041301455554],[5.42661788213791,50.40021837620647],[5.427787222990628,50.40198991131272],[5.428145856553583,50.40413337553391],[5.42734330185946,50.406640396777014],[5.425464478743145,50.40937887773916],[5.423321635960235,50.41123957549042],[5.421273261718936,50.41209856537145],[5.4191958328641014,50.41239688032363],[5.410104210455898,50.412376023042654],[5.4080154354397525,50.413116274735614],[5.407289145337767,50.41426632184566],[5.406687047325543,50.42113386264807],[5.407118251407978,50.42363809748137],[5.408007615578948,50.425119073442026],[5.412047685836439,50.42749647659472],[5.4202450635991655,50.43015730221718],[5.422146101427489,50.430608962804016],[5.4243451206195825,50.430534152601055],[5.4292649277161775,50.42929395725939],[5.432477458158028,50.42719472840631],[5.435539432052395,50.423743700050885],[5.4407682967703215,50.4213615358329],[5.4442323973363695,50.42067497178376],[5.451149626928725,50.42034256280468],[5.4523531577147715,50.417816099801925],[5.456654606222852,50.41347820749276],[5.456834580376271,50.41127447571303],[5.457299763354725,50.4106632598458],[5.466403581276794,50.40868414593911],[5.46891685501597,50.409279682737846],[5.478394455935371,50.414224635572424],[5.487662800172274,50.41698145675052],[5.492595947359442,50.41907275625352],[5.498019522214312,50.42081850103076],[5.503184834655324,50.42331013542996],[5.507331585833836,50.42439545823665],[5.512285312030656,50.425066178130606],[5.511867631143392,50.42417982280564],[5.512016670778591,50.423082274080805],[5.513926229424896,50.42082042231167],[5.512013203847327,50.41938692151255],[5.511798323604367,50.4177076830423],[5.510068833178301,50.41488751122867],[5.510536187795322,50.413539654469766],[5.511848311739172,50.4125686708859],[5.516989171063975,50.41050456813922],[5.5191489205174875,50.409218975757355],[5.520513909450522,50.40752986494239],[5.519949240646991,50.40517728495967],[5.521263597322856,50.40355919468064],[5.524784316928006,50.40265911450616],[5.531979367465018,50.40323315982864],[5.5344034310185695,50.4024355530432],[5.535026615895893,50.40129724432117],[5.534654772063912,50.400362523122126],[5.531061151409027,50.39778377541492],[5.530590131954959,50.3961373577482],[5.531350220245996,50.3950307309017],[5.532639991639918,50.39411414750975],[5.5372107328069875,50.392096143499494],[5.542470664731936,50.39088969648891],[5.554706445888375,50.38961997741803],[5.560597380376242,50.39138837267508],[5.569321231800126,50.395869998174916],[5.5719269717715685,50.39677120592999],[5.584557827828425,50.39868175384195],[5.587010657645425,50.39881200000653],[5.590211374106668,50.398446281908555],[5.5933229256948165,50.39761385268556],[5.594874771449156,50.396825433470944],[5.598825182213531,50.39364671433959],[5.603753591733251,50.39057609039731],[5.610385302643084,50.38502451422053],[5.613738337027915,50.382954447096935],[5.63245027532395,50.37621763083351],[5.6341224115613056,50.375345224292126],[5.6344588157980136,50.37465214110966],[5.634131687583419,50.37409976824929],[5.630662727266574,50.37208088240254],[5.636035634725112,50.37071724321483],[5.646257745283202,50.366139415238564],[5.650950179536197,50.36539847038333],[5.658477089419635,50.36559045509157],[5.666335660947241,50.366583193490264],[5.675838893308598,50.36851006142015],[5.6728480869158275,50.36546302848217],[5.671455314116695,50.36286544121295],[5.670990492560708,50.35932704397695],[5.671300110086406,50.35827625107879],[5.672204867779702,50.35753812572272],[5.673937168161184,50.35726444733748],[5.680501238994527,50.35753783657482],[5.690197618473144,50.35717508700715],[5.697145592053889,50.35782167089949],[5.7038231259443695,50.35957911944087],[5.706540232284403,50.35993887863626],[5.71435725412371,50.358380316490106],[5.720246506281973,50.3580715511734],[5.720499207574915,50.35611044717794],[5.719425139889535,50.35387894742965],[5.7177887414352355,50.35213380454744],[5.713434102931079,50.34888710201653],[5.712720574505013,50.34800184475934],[5.7128173433827225,50.345514490594866],[5.711432682587243,50.34227480240759],[5.7134337685478345,50.33712957002489],[5.7134469470085865,50.335039396022374],[5.712877772759062,50.33320017858218],[5.711695000443546,50.33154700379067],[5.710231127711385,50.330490954432626],[5.708367093434762,50.329660692073794],[5.7045707949124935,50.32893417547007],[5.704029935110653,50.328352270880835],[5.7044513692885905,50.32598902288316],[5.707496380234881,50.31881270328325],[5.709728419897157,50.314657000274686],[5.712058204505393,50.311482348224736],[5.718536891218973,50.30547143398638],[5.721338137562201,50.3035635704372],[5.7239781169648,50.3027819404197],[5.7326192468531865,50.30334137901121],[5.742985056815221,50.30264599645203],[5.746476750849233,50.30144318485885],[5.747268383100557,50.300481497201886],[5.747610313238596,50.298670005518986],[5.747352320258475,50.297271140105345],[5.746247025974087,50.29570745803529],[5.740066969386463,50.29201054833651],[5.736786163584291,50.288973251451615],[5.732911612300144,50.27868263268216],[5.730875915252945,50.27531471156168],[5.728478855099451,50.273067890893955],[5.721653616819358,50.26813529537303],[5.720072547623312,50.266580813979736],[5.719671993058161,50.265228318469966],[5.720114628565292,50.26390231295903],[5.721549330193183,50.26198185661429],[5.722482638536541,50.26170822941469],[5.7349804178658506,50.26042322872167],[5.742322695675483,50.26063570071683],[5.746952545228991,50.26188410078264],[5.751441410351162,50.26503992506989],[5.753581718222993,50.265971028338775],[5.7612233946533,50.267665459139664],[5.765657933532521,50.26783772413543],[5.769876737892609,50.267163138709115],[5.777740245359566,50.26439042441366],[5.780697513148475,50.263705063987466],[5.7929103221103,50.26485874300085],[5.796290542075119,50.26486552029644],[5.799265758400225,50.264434156746475],[5.801522884322967,50.26339000484518],[5.804975259029755,50.26009399264355],[5.806491470926122,50.25650206723936],[5.807038658259425,50.2559707248061],[5.8079773920509075,50.25685047200086],[5.810265808131236,50.2627868223527],[5.81113802222982,50.263440547217634],[5.8126314507269194,50.2638806947341],[5.828489855398561,50.265631683357995],[5.8318345971228,50.264842176136376],[5.836942625860012,50.262668030134094],[5.840533092425427,50.26223789978957],[5.848184779765178,50.263776254123535],[5.859662714930505,50.267441772615975],[5.8671170836856925,50.26866360974099],[5.869048440393027,50.269277137459945],[5.870347397948502,50.27047837704684],[5.873292367132942,50.27489845755904],[5.879530092835169,50.27911673229835],[5.879636711340754,50.27990503220612],[5.8767265445940255,50.28093928216798],[5.868006731743365,50.28226154882758],[5.8603513768762525,50.28224558342905],[5.848355132746538,50.28108619851635],[5.8465758388948545,50.281448862336596],[5.8458874193076324,50.28263013840297],[5.845911647199342,50.284769417568995],[5.847130999823237,50.2875635462712],[5.850258016644079,50.290016037001024],[5.852464007650627,50.29251380326037],[5.856755563368756,50.295868942268534],[5.857120152955081,50.29703620624354],[5.856698054581857,50.299273540033724],[5.857080263588046,50.300360659372004],[5.863354549397774,50.30571929526493],[5.868029564660174,50.3145921071206],[5.868275806103083,50.31734849556264],[5.867957084977248,50.31877198893184],[5.862410128702465,50.32423605146969],[5.859557182601166,50.325676472152736],[5.856329002124242,50.3266128606166],[5.853268329250717,50.32705217221283],[5.850520615675957,50.32682505162634],[5.851068347276905,50.33263332812188],[5.852399535845828,50.336227901984266],[5.856988493325217,50.34221328301776],[5.86077667458418,50.34599059086998],[5.862423268477285,50.3469012685882],[5.864616937911932,50.34659461920151],[5.872929398141654,50.34348574562901],[5.884061211872141,50.340270662567555],[5.889262169215129,50.33937172092422],[5.896255860372201,50.33937937590333],[5.900826831747737,50.33892571078252],[5.912055388210963,50.33517077237243],[5.921856702206893,50.33305314313691],[5.92519086594203,50.33282098331275],[5.928443764166875,50.333236125603186],[5.931904552087512,50.33449986891022],[5.936726612007268,50.337100029595646],[5.93967130155701,50.33746327464605],[5.947247246136901,50.3363714245846],[5.951194622989453,50.33521721213447],[5.954903126125909,50.33328660175016],[5.960381716430203,50.329069072848995],[5.962697459979201,50.328214161955074],[5.968007593512408,50.32820949561527],[5.980200399018227,50.329845674131846],[5.979883773852149,50.32785629576365],[5.980428388240526,50.32594442584373],[5.982518283021437,50.32296332551274],[5.984846799258141,50.320796169754765],[5.988252762571321,50.319484190291426],[6.006498779449975,50.31480815669611],[6.0095491489137185,50.31347895876029],[6.011083034404865,50.31229619325451],[6.012468343068363,50.31035105023937],[6.016165152375934,50.29879881574203],[6.014671086315913,50.28729638456944],[6.013231242004192,50.281878518125666],[6.012321400953801,50.276582104740804],[6.011972552673011,50.269822238109434],[6.012462668917048,50.26457893215076],[6.013899822938969,50.25952708285091],[6.015861663304301,50.25480161806834],[6.016184146501755,50.2527744382183],[6.014591312474092,50.24810205664984],[6.010114380786657,50.24052048467208],[6.009464099693128,50.23778764233099],[6.009983255121583,50.23076167462943],[6.01186664247869,50.22599142595094],[6.012373524464615,50.21995313138039],[6.0140496695385774,50.21457057023707],[6.013890112181053,50.21272504552156],[6.012553543265165,50.20848293235836],[6.012551415872079,50.207130559498935],[6.012857879733457,50.20651834941361],[6.013743753543816,50.205999441925464],[6.015769750397723,50.205868198875805],[6.0194734183082605,50.20661974162603],[6.024723952501652,50.20857552240065],[6.0269466060686625,50.20876252427291],[6.031654941863651,50.20697766229384],[6.032652308872162,50.20606539547312],[6.03299339017845,50.205095120007115],[6.032609587375432,50.20270317881768],[6.031509454071668,50.20077221302204],[6.028692906080093,50.198012091240926],[6.023250365637153,50.19413795476462],[6.0218064227211086,50.19243504494995],[6.021590574457489,50.19133673038997],[6.021867160446046,50.18992374277776],[6.024881343067746,50.1840033217906],[6.0250655090182095,50.18281767521993],[6.021078489396458,50.181827373431865],[6.011872719914814,50.17869526880817],[6.002269663154918,50.17627542437265],[5.993607409573508,50.17545290094492],[5.973930236491938,50.174874113189],[5.970714311715049,50.17424874257593],[5.966194079833748,50.17256715557324],[5.96518574160662,50.171779538738264],[5.964628668276915,50.17051472111839],[5.963258485931426,50.16195602451122],[5.9654040243531625,50.15642037370145],[5.965442336339923,50.15526969832766],[5.964467110007304,50.15402697980533],[5.9606719492887565,50.151717074922686],[5.960189198395932,50.150828696746686],[5.960704110141947,50.143408662308744],[5.959627333024785,50.138753266626274],[5.959877559637446,50.132959475951665],[5.959143089910135,50.13175821272268],[5.951393336457867,50.12963907049914],[5.943080604611791,50.128650973075025],[5.931274093832485,50.12624116429836],[5.9137107889055995,50.121143921262416],[5.902613494196306,50.11652599181447],[5.89526952639649,50.1122182694483],[5.895061326349577,50.10619175619605],[5.894034688887599,50.10222626721537],[5.889158581880001,50.095080826108614],[5.887220177113705,50.091090731877884],[5.886949868459259,50.0889624732528],[5.887352100948129,50.08235112468403],[5.886940968556288,50.08044345849169],[5.886141671138514,50.079127523797204],[5.884580081179118,50.07789009314592],[5.882714699390829,50.07706628455276],[5.873750480561525,50.07499864603035],[5.8692273582215595,50.073312623324135],[5.860431217637061,50.06793177612429],[5.85885294011303,50.066437859513975],[5.857318381140545,50.06418871312957],[5.856647751393092,50.061633764253536],[5.8558301168048,50.06035788103203],[5.855901086355952,50.05942508392119],[5.856656539803888,50.057920418723064],[5.858337734520682,50.0561157093429],[5.862972595489334,50.05343861811821],[5.865882922406418,50.0511922830683],[5.8679538229815895,50.04875007646812],[5.8686836917830005,50.04673123684425],[5.868219705199287,50.045213450280684],[5.867261982373325,50.0438867947112],[5.864066474136198,50.0415678795427],[5.85816479196527,50.036244613830206],[5.857886567489097,50.03486988365209],[5.858582911635617,50.03091049146342],[5.858188196639215,50.02947646473777],[5.85381066249908,50.02654666822474],[5.850637672238627,50.02290115009047],[5.847906979658257,50.02140605946275],[5.842348943273457,50.01936827792168],[5.834188958327579,50.01783781692471],[5.828517182153,50.01524882751354],[5.822423497482172,50.01382298451128],[5.8210354415538985,50.013062627337035],[5.820294919297972,50.01214521802239],[5.820078566462387,50.00981088184971],[5.820887949544311,50.0066338466962],[5.821467764712906,50.00124328396929],[5.821980554543047,49.99977491114674],[5.8241300991930025,49.997359399319905],[5.831700697527407,49.99225132657024],[5.83713258203944,49.990139817588414],[5.83882550391753,49.98893292533568],[5.839336250497092,49.986990894835145],[5.839088078413247,49.98437554314246],[5.837772474842617,49.98158377596027],[5.835175531231405,49.9790289885697],[5.8311117629787255,49.976704021194095],[5.813085471137094,49.971327365034035],[5.811964674858894,49.970440661751006],[5.811153043385671,49.969189188891846],[5.809629153790547,49.96502465464671],[5.8075269810974275,49.96350715215185],[5.80594265979991,49.96316872492181],[5.803190149126078,49.96322864621077],[5.795151318665608,49.96440640363318],[5.788222032187269,49.961986676424246],[5.785861483820683,49.961734563869],[5.780570586494347,49.96190948468594],[5.778713846884962,49.96155270522689],[5.777000424798295,49.960696301592165],[5.77619943232792,49.95957034511315],[5.773840828020299,49.9532118180829],[5.77207557049908,49.95052430951054],[5.771549365303903,49.94877128431032],[5.771678786324845,49.947445695053176],[5.773883820934016,49.94066762142152],[5.773836612528879,49.938388899727144],[5.771553294152038,49.935846842340034],[5.769351077500041,49.93244989057155],[5.765692109369209,49.9307475286257],[5.76476368927583,49.929611371277396],[5.763715930399052,49.92484751827206],[5.762475752831442,49.92156829120272],[5.761641200017206,49.915714208656944],[5.760362408626164,49.91456732952747],[5.758489109270261,49.913624678748555],[5.748262435934924,49.90954950359202],[5.74612657336155,49.90739093544338],[5.740943080390198,49.90397428085823],[5.738176615215792,49.90114919541104],[5.737035315518489,49.89911392912538],[5.737339545869933,49.897415760183485],[5.740071136257026,49.89567850949011],[5.749665881721651,49.892180941331354],[5.768416767059332,49.88715716292752],[5.775912339336397,49.884037576798846],[5.77760725111208,49.88309889830443],[5.781087177447025,49.87996442491598],[5.782454875055143,49.87797679002988],[5.782085188662317,49.876894556696485],[5.780225134697164,49.8757081729552],[5.780418760881456,49.874967054020495],[5.7818163349967975,49.873274292987674],[5.781618202903862,49.872592985269144],[5.775127881368497,49.869095834067295],[5.773938747820081,49.869195986883184],[5.771602540716598,49.87065022120996],[5.770099896137973,49.87112800629166],[5.764610206754845,49.87047853487913],[5.758047958882139,49.87209882158336],[5.756480543351666,49.87204191512052],[5.755180465356221,49.87144692207717],[5.754251852356429,49.87030509412569],[5.754053712043041,49.868775292180985],[5.755534349386292,49.86564074656768],[5.75599406730238,49.86151941628458],[5.758227755840226,49.857898315404285],[5.75831720573627,49.85689479487515],[5.756628381606288,49.8559994284239],[5.746264294164877,49.85393428707115],[5.74774281193079,49.8528979461332],[5.754830608103437,49.85102211393259],[5.756825707851351,49.84960708530428],[5.757447286561775,49.84839659219968],[5.757175127865868,49.84717830960281],[5.755850821724762,49.8462537610065],[5.754296782600889,49.84596748489136],[5.751209004438483,49.8461500752976],[5.749748136417876,49.84557257371356],[5.749023939559217,49.84406395730185],[5.749061188718135,49.84144847881923],[5.748690094326504,49.84041645702566],[5.7472135878662725,49.839482547458225],[5.742376854306598,49.838309390830325],[5.741067316746313,49.837039892316305],[5.740642703942556,49.8355189284854],[5.740934587712099,49.83418237159862],[5.744516815072412,49.83002588270928],[5.746745084815621,49.82584135265189],[5.746976413732894,49.8240345271074],[5.745084016068795,49.82062219322171],[5.745006397565451,49.819350534677085],[5.7461386872586075,49.81711322128571],[5.749522720535655,49.814159778749804],[5.750096208973844,49.813186256357206],[5.750816224241973,49.80692140417179],[5.752794447469797,49.79826057761611],[5.754133081738175,49.79352414799789],[5.755109123310935,49.79177986862767],[5.755380561844886,49.79143600174256],[5.761291457881485,49.792770198414395],[5.767419452530568,49.79362062517798],[5.775748281298439,49.79401932806463],[5.780926605812603,49.793778499595646],[5.786714971298206,49.795655481926744],[5.788332971838656,49.795561272328996],[5.790141243140315,49.79466078594741],[5.791949724995749,49.79226991442789],[5.792861450410044,49.78785516561755],[5.793904692684565,49.78591245979673],[5.7974610200914505,49.78220485458768],[5.8003090145058644,49.778564102535185],[5.803899337015177,49.775652259187204],[5.805801396868941,49.77363504458545],[5.809759828650107,49.76674498214384],[5.814931612792552,49.76187271565309],[5.818801740131412,49.75440215384807],[5.822587872134558,49.750967698050744],[5.828813233009437,49.74911566899903],[5.830177594725793,49.7482242977671],[5.8310475480657855,49.74712846743963],[5.831462705737374,49.745292508562855],[5.831240782351896,49.742289341393644],[5.828913254051995,49.739233038882894],[5.828204568504974,49.73762031424454],[5.826559156094127,49.730854637016975],[5.825702065652667,49.72495245657134],[5.826082784647877,49.723649162989965],[5.833093956824052,49.723839125483636],[5.840573674708051,49.722137597578744],[5.843593976641443,49.722013913152566],[5.858775209784211,49.726231911307934],[5.861934425938319,49.72647377343776],[5.865162961084544,49.72614022637052],[5.868112531575679,49.724970981789106],[5.874147407098235,49.721202481731105],[5.875293372541569,49.71955355645028],[5.875806445477819,49.7173093251148],[5.876491509453392,49.71613683083991],[5.882470214550583,49.712067315588534],[5.884381214303393,49.71021763236409],[5.884822617623415,49.709242541856796],[5.884736410223995,49.70848594134956],[5.88248086107603,49.7056895114649],[5.8782794356617645,49.701939041368064],[5.870927371026782,49.69720278269591],[5.866877086842224,49.693449984676775],[5.864401474418584,49.68882817590654],[5.862802201523842,49.68381774120838],[5.862760771285574,49.680760533042076],[5.8643300562048415,49.67795302603667],[5.867386704430772,49.675777897932555],[5.879464588958051,49.67230617498161],[5.88577278626043,49.6693567778886],[5.889353889410726,49.66918724265485],[5.892986960625217,49.667537632496234],[5.895595027323632,49.6676105149501],[5.89872599151937,49.666966804453295],[5.901328844532983,49.66696558901812],[5.903186622313148,49.665367045609166],[5.90741123410309,49.66479583979043],[5.90879578401077,49.66362985597092],[5.908589357364521,49.662706896094626],[5.90598632266992,49.66062590869739],[5.904527020486215,49.65867665020211],[5.902576683664783,49.6518458592355],[5.90288653299586,49.64707232378854],[5.905784782459485,49.63969243528068],[5.905364351524331,49.638242591708],[5.9032785060131925,49.6366474214746],[5.900825697416647,49.635750081990146],[5.891097496331739,49.635459769286946],[5.887615509109409,49.634479066596086],[5.885363029489142,49.63319152686858],[5.884305096326236,49.63210386542773],[5.8839287577971495,49.631039752503256],[5.884323657608388,49.628492928069136],[5.8839399292552885,49.626705522840474],[5.8826759255931895,49.62528070965479],[5.8784048538158284,49.62193659017542],[5.876670059526188,49.61934622604512],[5.876138459515585,49.616081204605486],[5.8765091288466,49.611777553030244],[5.876093355713676,49.60957755774627],[5.8752343049075755,49.608299420582085],[5.872690501801913,49.606825687501804],[5.86589778081526,49.60453874518012],[5.857601584229219,49.600778676610034],[5.848709470516962,49.59728686568096],[5.848506797753546,49.594464126968575],[5.8491098961002574,49.5909450023344],[5.850253968715395,49.58884024726066],[5.851948373221615,49.58751882511162],[5.855050929411594,49.58667222953619],[5.8592558492164795,49.58639894192114],[5.863238281843267,49.5869416529022],[5.868030069195955,49.588381960334466],[5.869545524615337,49.58805826630635],[5.870672905293338,49.587196869442856],[5.871608533771509,49.58541550911015],[5.871563655625368,49.58418314217166],[5.869193896731413,49.58174554697346],[5.868814400054035,49.58089856253702],[5.870784266562942,49.578197017300056],[5.871017767174294,49.575421237145854],[5.87078081262619,49.57460012871764],[5.8696915868387824,49.57372023212093],[5.862431584631569,49.5699304509709],[5.8587472922904675,49.56698777690645],[5.852570878650637,49.56457704470639],[5.846255461813518,49.56119592008173],[5.8452540456411315,49.560086015156344],[5.845418250590403,49.55782971115082],[5.845075872684069,49.55663213945668],[5.84394388659501,49.55527835470692],[5.841922586216626,49.553895546190844],[5.839546884761034,49.55301320545425],[5.831168182464535,49.551145200692865],[5.824800320817687,49.55074680546384],[5.818172896161433,49.54760985718618],[5.813197642430687,49.548026985325464],[5.807750822505422,49.549676533784286],[5.800526154658182,49.54995459180034],[5.7947360993957755,49.55123632705755],[5.7908765290578765,49.55309325989283],[5.784403227140968,49.557525669520906],[5.778922580316877,49.559771420635215],[5.773869903598607,49.5624631912124],[5.769418658178843,49.562709568382225],[5.760970715688493,49.56123317107877],[5.75936091864772,49.560265054636666],[5.7569609769358925,49.55635555913944],[5.756747262507566,49.554312680545245],[5.757397923640319,49.5498024406696],[5.756296736171167,49.54345868084928],[5.75497268057451,49.54237958401046],[5.750962065744306,49.54051572531497],[5.745726889477202,49.539396698413825],[5.741418100259593,49.539362688740525],[5.738674972756439,49.540127748134395],[5.734273925827627,49.544006806399416],[5.7336997448829505,49.544888594348386],[5.733826381822718,49.5455105485648],[5.72616790719319,49.543725644541446],[5.721981003402076,49.54100191519323],[5.7191838680816725,49.54006219843511],[5.705539173428701,49.539377704814946],[5.7010643810418,49.54031398726326],[5.697021589890132,49.54264674752545],[5.690633901474233,49.5452799865569],[5.6834528168533,49.54611647010781],[5.680063824295383,49.54790359599207],[5.6780144121460925,49.54851512461593],[5.670095540184472,49.54932252591642],[5.665119271317767,49.55172688704979],[5.663129950169745,49.55233995417108],[5.660549643856944,49.55247154454497],[5.654429637218983,49.5511064076442],[5.649245016833352,49.550650929904606],[5.644374117065915,49.54971986445711],[5.643359095141696,49.54925390768021],[5.640027309182109,49.5464946424157],[5.635119437696853,49.544590008353545],[5.63282693625167,49.54222378771849],[5.631577816858469,49.54025685736884],[5.6232189482154995,49.53515606681828],[5.619000634242093,49.531252638900234],[5.617772259239973,49.529359274776795],[5.617378890158713,49.52744057267775],[5.620373491246459,49.52179553069705],[5.620700341139979,49.52012346953225],[5.620435515604361,49.51823124346929],[5.618559618297273,49.514873088248535],[5.6149852199595935,49.51082207088609],[5.612062624102956,49.508024524596344],[5.6103226453728565,49.50718581878706],[5.607552991029607,49.50744283976108],[5.605239595804805,49.508668180197134],[5.600025952406839,49.5168927666653],[5.59784548189915,49.51883861698535],[5.59464692921211,49.52077682526353],[5.5912008598629095,49.52204770038111],[5.583854739477666,49.52356298617032],[5.570493852741072,49.527189450369214],[5.563065165085881,49.526672156435986],[5.556387783150765,49.52818789125513],[5.5515983572716125,49.52724853372185],[5.548848455317323,49.52588985592837],[5.54625987544421,49.52373545343887],[5.542912786742157,49.51823002182508],[5.541000602462623,49.516371903161854],[5.5381595891205215,49.51487383259234],[5.53270891498494,49.513099618611214]]]}},{"type":"Feature","properties":{"terr_code":"T03"},"geometry":{"type":"Polygon","coordinates":[[[5.422146101427489,50.430608962804016],[5.412047685836439,50.42749647659472],[5.408007615578948,50.425119073442026],[5.407118251407978,50.42363809748137],[5.406687047325543,50.42113386264807],[5.407289145337767,50.41426632184566],[5.4080154354397525,50.413116274735614],[5.410104210455898,50.412376023042654],[5.4191958328641014,50.41239688032363],[5.421273261718936,50.41209856537145],[5.423321635960235,50.41123957549042],[5.425464478743145,50.40937887773916],[5.427672218258095,50.40593776540838],[5.428175900779896,50.40358145434985],[5.427478596936244,50.40136637606307],[5.426344194830328,50.39995933639675],[5.424551411314563,50.39875007104719],[5.408999043222159,50.391641968193845],[5.402733106593331,50.387974337396955],[5.397386750765552,50.38410727975639],[5.394855432967861,50.38044455027593],[5.393533290928232,50.37941242501192],[5.393234013385147,50.379359098627056],[5.390733950571924,50.38202840426442],[5.388434860507375,50.383613124275776],[5.385872468520308,50.38491626378235],[5.383251973969089,50.385697690988714],[5.380373134654819,50.38538477377828],[5.3764122888376695,50.38291935209221],[5.373163055531647,50.38151504208346],[5.370403849776064,50.380764439683944],[5.367980384986247,50.38054479302052],[5.3652170104723735,50.38097772216303],[5.363214443081065,50.381766618232966],[5.361640332366008,50.38480341428875],[5.3591564993428,50.38634121120701],[5.354361415866007,50.38759156995034],[5.3499759882731786,50.38760479378028],[5.3462823401584485,50.386621887057906],[5.336983620152333,50.380521046649775],[5.324089817657432,50.37503441099739],[5.31881207651171,50.373197835078166],[5.3095550037857056,50.37083247990419],[5.299578381213095,50.36660870511183],[5.297099325828921,50.366467557876824],[5.294824391572147,50.367709481469724],[5.28766231399544,50.373911350438384],[5.283231351848175,50.377094192879404],[5.2815062716969505,50.37936235009179],[5.280707125401279,50.38283806684184],[5.280560088773458,50.38792271188497],[5.281385787520362,50.38985096678011],[5.284285333978141,50.39320735981685],[5.284470702787481,50.39380876288661],[5.2841000098967195,50.3944638041482],[5.281780332341904,50.39536915451958],[5.277111456900192,50.39585206256039],[5.2736320000220305,50.39815010955168],[5.268498204650722,50.40012825674997],[5.2605905498401615,50.402093486823766],[5.252359302017932,50.40145526889191],[5.240476847191699,50.402856892161026],[5.236968741300254,50.40365283659896],[5.234359925756347,50.405063113405895],[5.229587048631119,50.40901432667969],[5.221257326111163,50.41729113483442],[5.234933719368395,50.42472685523468],[5.236911578182001,50.426635220075184],[5.237164863437855,50.42717300880962],[5.23543685752587,50.42889900812488],[5.234600779248864,50.430920433498386],[5.234645235642895,50.43337651025614],[5.235590385714637,50.436547945321344],[5.235514699372711,50.438113011307166],[5.234179035050267,50.4402809292739],[5.23191456976898,50.442140323003166],[5.229279233631242,50.44324866204623],[5.224742986925004,50.44394045658862],[5.221384197957644,50.44649829345281],[5.2107076364897305,50.45927627668382],[5.20288214200861,50.47350446919337],[5.197593236419303,50.47879605504236],[5.194202966542128,50.47829529516589],[5.189213869874504,50.47644148549536],[5.1803870759429165,50.4755686151289],[5.1722468396925905,50.469750131426245],[5.16886264894644,50.468536627645044],[5.163910873435595,50.46762308969484],[5.163255932644303,50.46902224238738],[5.158003263602135,50.47339403339086],[5.155524620665641,50.477289567935955],[5.1526549156354795,50.480076808453866],[5.151961433957922,50.481226585271294],[5.151923023512848,50.48232412928847],[5.152554820027095,50.48319094386836],[5.1572014480594826,50.48674546311344],[5.157406918463072,50.48738719583234],[5.156894321704508,50.48809638882786],[5.155764731142843,50.488440270175516],[5.15419304996167,50.48837347011495],[5.145768974591122,50.48704481228834],[5.140378292972868,50.487229782841155],[5.135892085659881,50.48871387105321],[5.134520639668319,50.48969261178472],[5.133695267600877,50.49083760004896],[5.13326204048517,50.49239840097549],[5.133127788678211,50.49655034229688],[5.131569283786775,50.50105322060483],[5.131595705822325,50.50246163724006],[5.13343547562913,50.503744561497165],[5.140854939641538,50.50655824920044],[5.144786853968092,50.50855919263599],[5.142347211314244,50.512104579179535],[5.1236155664087715,50.5057910107333],[5.118343949844498,50.50458932459357],[5.116251931347062,50.50460079080129],[5.110523901041168,50.50672264591923],[5.102589057904598,50.508956651746],[5.097597824389167,50.51297853053596],[5.096220419920326,50.515020428863835],[5.096142600159373,50.51716480362395],[5.09567132756602,50.518803842862305],[5.095890150876135,50.520946215706864],[5.094925634974407,50.52240675376907],[5.091976386811902,50.52511197739706],[5.091985108978092,50.525708606760716],[5.0929178119563945,50.526398468054076],[5.093153966756873,50.52712326479619],[5.092454948476722,50.52817415404046],[5.090896167621744,50.52901220185278],[5.084650877438181,50.529653817816055],[5.034272152663078,50.53176106298563],[5.039000603256634,50.53595228889009],[5.0453351903149715,50.537767940097915],[5.051069696499922,50.53998229338342],[5.0530572754274035,50.541409792185064],[5.053310956090096,50.54256749235728],[5.0527339630415735,50.54421582705177],[5.048749771586819,50.54952805096671],[5.0480139804809125,50.55137609142088],[5.048691132866408,50.55315957313376],[5.0510499601561305,50.55537641624342],[5.04908763263771,50.55603109189278],[5.047593217449756,50.55712274017349],[5.047231362738998,50.55797194407749],[5.047136939830405,50.56047503709304],[5.045142242440248,50.56321693078916],[5.041077415625692,50.56651353882376],[5.034925161733724,50.57047888793532],[5.03251289704174,50.57313849433341],[5.031230875083428,50.57564719839002],[5.0308321471349196,50.577746775752445],[5.032042213592778,50.58240679916067],[5.0286043985723685,50.58644075876925],[5.028256834765522,50.587600181731524],[5.028491036028442,50.58881688853799],[5.023402929431964,50.589794249506745],[5.018494545605862,50.59122689278797],[5.00900633397965,50.59512294009856],[5.003112976567496,50.59816496722954],[5.0014031088794635,50.59940385834586],[5.000349484091023,50.60086146465831],[5.000189175460412,50.60370976988453],[5.0012660650110226,50.60742764752748],[5.000716892823244,50.60891858418672],[4.999689571934468,50.61006285652904],[4.994719749531715,50.61280137655549],[4.981557249220931,50.617456582447595],[4.979536598340734,50.618484181449475],[4.98455727866682,50.621566814852045],[4.986618683675745,50.623734703877716],[4.987340307539047,50.625377409650724],[4.986940270831169,50.62713018120886],[4.983756410754744,50.632343764808695],[4.983287762683709,50.633942361407016],[4.984129731607342,50.63523310705996],[4.987872519001708,50.637197960138494],[4.988068717734611,50.63819984715597],[4.986447924679627,50.640058597766156],[4.983338064220259,50.64223976169095],[4.985216721891192,50.64410582970673],[4.988153481899169,50.64546876951332],[4.987825308196077,50.64932899522433],[4.988045939493946,50.65098029157661],[4.98994515448639,50.654907139976665],[4.992501320079434,50.657633310580906],[4.999653772211044,50.66334196346916],[5.0007998285261905,50.665130799482085],[5.000478701550794,50.666965653771946],[4.998169834594549,50.67064457814218],[4.9978106361005405,50.67220251400278],[4.998414315531172,50.67621041287593],[4.998097231894259,50.68244375670413],[5.000909671429165,50.69197776164201],[5.002355502478045,50.694441194753196],[5.004480193907323,50.696185857101774],[5.014563378575233,50.70023777963284],[5.016491811705031,50.70146143606112],[5.017314459559568,50.7024852659533],[5.011494910924359,50.706939491894],[5.00892500800852,50.71125471439864],[4.999289218630361,50.71500709173313],[4.996343185307107,50.71699028674371],[4.995622531281843,50.71803189031517],[4.996224838394172,50.71986308916214],[4.995972611535402,50.72165209303266],[4.994884804686901,50.72268553548628],[4.992577853706521,50.7237228614862],[4.992754341071583,50.72404572976018],[4.9941610797647344,50.725410695584245],[4.997074255849314,50.7270149821304],[5.005668437317126,50.7294963611858],[5.009496881688621,50.731548068390275],[5.012863972221703,50.73169182781861],[5.015317367662832,50.73286412919522],[5.016405446696773,50.73533361390979],[5.017381351163835,50.743406330716006],[5.019909583570642,50.75093550978891],[5.0273879095518055,50.74801834509221],[5.036399150516617,50.74381820952804],[5.042415126477105,50.74146005679059],[5.0451503734379175,50.73992941136647],[5.045938176556706,50.73859038085246],[5.044774319784303,50.734265563097594],[5.045942699460684,50.73083801483704],[5.046140121745797,50.72767080928135],[5.045872529267227,50.72440400548167],[5.046251217299285,50.72317823660552],[5.056406023806912,50.71570685620995],[5.0609293403341225,50.715430710373965],[5.062997367103684,50.71464874758674],[5.065690056195801,50.71112768054173],[5.069835000534569,50.70806906949142],[5.071710636689769,50.70771495606659],[5.075655336968924,50.70815736220432],[5.078452635411025,50.707999747946474],[5.083807384344071,50.70638821417558],[5.09438562773315,50.704350103841705],[5.096885301855622,50.70465204884944],[5.099585728851894,50.705731407927274],[5.101408648031976,50.70728646258456],[5.101916710208548,50.70870537422003],[5.103644110305511,50.70908205076057],[5.107322547421617,50.709181815399425],[5.115901658622224,50.70803706719042],[5.120969204339733,50.70774603132727],[5.125894171917185,50.70626573609663],[5.131108559934318,50.70352067271348],[5.1341053567484005,50.701333398425994],[5.137961021261203,50.69954170116138],[5.148992857682337,50.69547638833546],[5.150821133754956,50.69585566703899],[5.154758639954651,50.69776164494711],[5.156238375938006,50.69812705839717],[5.164850887554247,50.6955326964514],[5.174536944969338,50.700545639645085],[5.178654113231197,50.70354021835507],[5.179470924280179,50.704830526814646],[5.179366364568918,50.706154958174],[5.177054458124062,50.71024883253455],[5.174220027986723,50.71340078941516],[5.170112146709118,50.715136229146715],[5.169061505157176,50.71642579827635],[5.169050188044093,50.71737862187298],[5.170009981868919,50.72022498138889],[5.170800235394525,50.72134256998582],[5.171733971251889,50.72178144506373],[5.176607545999138,50.72255354935411],[5.192593607015004,50.71760629948948],[5.19490845896627,50.717733012674316],[5.2058632959090865,50.720438554604264],[5.215153539094956,50.72070231159536],[5.223229883363023,50.72000049949556],[5.228983473366607,50.71759744535785],[5.231564160459696,50.7187509518554],[5.233255546468559,50.72026590293168],[5.234586634721758,50.72422877952173],[5.236890425369014,50.727142334235936],[5.238640991898592,50.7211025618102],[5.239852183938669,50.71926366096382],[5.241555718721359,50.71778410750451],[5.243684647758858,50.71690305485479],[5.247425350396601,50.71612651079478],[5.25585459962956,50.715505992790035],[5.260505625998106,50.71641372706276],[5.262975030956739,50.71741035829386],[5.271389534609909,50.72531759440204],[5.275136764546516,50.7271961030094],[5.277899725719497,50.72776106963865],[5.280955199401452,50.727123586202],[5.285606262868947,50.725155581213244],[5.290658343701821,50.72442474470686],[5.294438222080794,50.7234630435124],[5.298953305687827,50.721093011077016],[5.303037920104792,50.71782383809573],[5.305568582607369,50.717326063214244],[5.309089980375244,50.718209685712615],[5.308876230884283,50.72165985174154],[5.309132184402503,50.723445102610846],[5.310527932901952,50.72558773566549],[5.313284186461215,50.72781426237634],[5.332080588790572,50.734947872913786],[5.336720031420519,50.737436921554774],[5.347567356271396,50.74434380714422],[5.350873023037143,50.745737179901745],[5.354564327922329,50.74638195593257],[5.361212740882446,50.74667756095509],[5.367733708926353,50.746401235647646],[5.371249345646038,50.74566656420921],[5.376220384689639,50.74367754187785],[5.3778062535921,50.743563514196076],[5.382143509838852,50.74473451847858],[5.3895481291229235,50.74792959125662],[5.3912396961275535,50.745984946757886],[5.392488780749539,50.74368330344042],[5.393132088031105,50.74058304707792],[5.393195065377902,50.738133909106836],[5.394150317203106,50.7348960601388],[5.398602693390306,50.73517001662393],[5.401078811824886,50.734411322383174],[5.4024067908454985,50.732606524470384],[5.4028721670667474,50.7288971466518],[5.403687958169841,50.72767835160708],[5.407532967939743,50.7259708102662],[5.410440474825801,50.724035042729135],[5.416113906322021,50.72255762715228],[5.4158810622966005,50.72168757884463],[5.416614079212898,50.72066390593488],[5.41932555384644,50.7193994846026],[5.420533019275396,50.71938377441968],[5.422881348756986,50.720175536144815],[5.427991794930674,50.72262563913101],[5.429262698780311,50.72220853815085],[5.43039934108074,50.721342223970154],[5.431599770983894,50.71999825970166],[5.432284454786199,50.71845714139836],[5.435651865928282,50.72205101771944],[5.4436358586708256,50.72174641106708],[5.449553333108597,50.72096700095243],[5.452219029393873,50.72145946665428],[5.4530594258779885,50.72205452484008],[5.45551665580067,50.72594199737612],[5.461082728280474,50.730743225159024],[5.461612552797428,50.73229125393931],[5.461508323841572,50.73524290452048],[5.46181860628184,50.73651248446257],[5.463158739019505,50.73807369273151],[5.464544501015939,50.73843184740135],[5.466643961283824,50.738072101127784],[5.473994978852027,50.73373667951839],[5.4754261323250475,50.73124218764063],[5.476423627805261,50.725554375246],[5.477342990917022,50.72440794829101],[5.478675482957693,50.72358700446641],[5.482055972977945,50.72538572015108],[5.490083495682469,50.727883501456766],[5.496635253113103,50.73158910112938],[5.50836353621787,50.73625595713825],[5.517318980161667,50.740652411130476],[5.524314208417256,50.74262979619266],[5.521197050455147,50.74636609351193],[5.5203476670727945,50.74914358750494],[5.520557623961034,50.75317997313818],[5.522299071170983,50.75694665657589],[5.523876829580184,50.758207712911855],[5.526176513301208,50.758530578173726],[5.5309512034528225,50.757974576361725],[5.534719435763014,50.758493868283836],[5.542238053363572,50.758681088086604],[5.5457448345276665,50.7591155175304],[5.548353359504662,50.759933063779634],[5.550779597329725,50.76132945716687],[5.552319059615663,50.76279036588201],[5.552915234083618,50.763963096097],[5.564143073626086,50.764099487593434],[5.567913009357744,50.76466795352451],[5.5702603296746345,50.76623143549113],[5.5737244014488185,50.77028105500858],[5.575238656909783,50.77125639495373],[5.577097606535844,50.77188028468357],[5.580925099133197,50.772359130484816],[5.590830508953076,50.77137603057306],[5.593365737229095,50.77322829499704],[5.599662940675208,50.775249620680185],[5.605208044273191,50.7762858168412],[5.608738205306498,50.77638769471013],[5.609060654324649,50.7769880326363],[5.608531317606535,50.77874417467832],[5.608842305235397,50.779585537556486],[5.6108293151980995,50.7811251364596],[5.614098766527727,50.782764833829596],[5.617116084595086,50.78333482332137],[5.623503397956756,50.78295276697404],[5.626589334250108,50.78316030683999],[5.635380872189511,50.78627109410669],[5.638861890772707,50.78802295925872],[5.644019285905554,50.791741134391394],[5.646880736162611,50.79438036746639],[5.649468998727194,50.797916917784924],[5.651386852186594,50.802671937433765],[5.653713200112309,50.80467093902979],[5.657601781454676,50.80550650398056],[5.667156604157175,50.80547147228924],[5.672500111182545,50.80662714486759],[5.675855149679358,50.80590364858438],[5.681202027825925,50.80552417795676],[5.687047354014813,50.804071712266094],[5.6879651612551685,50.8055838125226],[5.6878571457680325,50.80813480098987],[5.687035731732721,50.809825704038595],[5.687119398853792,50.810911279895755],[5.687657978585084,50.811925062884896],[5.689746806426744,50.8118647311965],[5.6921700533704005,50.81118991352202],[5.6945005856497986,50.809792561512204],[5.696381973509412,50.8081435868073],[5.697499439713636,50.8063706086317],[5.697673764962169,50.805146371759186],[5.697379709231451,50.80390114742004],[5.692791644586398,50.7979374548589],[5.69235672402419,50.79580591153646],[5.693622974597946,50.793105933071054],[5.699783128895145,50.78490751879918],[5.700415080902922,50.78345963805606],[5.700545234543199,50.781536679935535],[5.699601102769367,50.77862446901559],[5.696025721706103,50.77292473167999],[5.69285709706204,50.76968310522334],[5.685842717900564,50.76359576836505],[5.68348170983356,50.7608861336156],[5.6820139199458675,50.757764619730814],[5.682130637401969,50.75700342257707],[5.683019212692127,50.75601013597743],[5.687887281059138,50.75276837614244],[5.690592568321117,50.75157534822457],[5.697127012197087,50.75040336262582],[5.705358936753207,50.749824073048536],[5.712483565390551,50.747921146261916],[5.719586110252045,50.746683410505405],[5.721838579298039,50.745584808183615],[5.724007474000803,50.74687679099067],[5.726705846674248,50.75104757554551],[5.72761893130049,50.75181699113359],[5.730853248283754,50.75303518678123],[5.738042676660759,50.75373624033582],[5.742564504323248,50.75363344713783],[5.744288647533794,50.7528633711367],[5.745473229471107,50.751515290105274],[5.7460894621368706,50.74885058000829],[5.746872060507883,50.747496654294075],[5.748006741450951,50.7465872706386],[5.74948070157946,50.746155905670854],[5.753654279625308,50.746501624236835],[5.7645223917443325,50.74964493656064],[5.768514925844655,50.75042547106552],[5.771651660059666,50.75019874642364],[5.776733211568687,50.74881273603431],[5.782696779317801,50.74675731478249],[5.787491122702203,50.744583791073765],[5.7949618740941204,50.73885450145557],[5.800780771062719,50.73575338442172],[5.801538178557681,50.73446855390771],[5.801621128266844,50.73144799058377],[5.802967505793693,50.729589282488405],[5.810586750584533,50.72271132933365],[5.815123178099458,50.71612971782773],[5.816800486215509,50.715046208012566],[5.8198002468876195,50.7142804539656],[5.8247362203764705,50.71407815419585],[5.831596585544174,50.714364895963826],[5.845445952186817,50.716320250141116],[5.860512218175635,50.717316743104256],[5.866636588925123,50.716203885645804],[5.87610321164642,50.71291980613325],[5.882573914908644,50.71019989829136],[5.8875767701118695,50.71629011852492],[5.8957226458679255,50.72321705579359],[5.906733035003284,50.731629454198405],[5.90892955723587,50.73381711863667],[5.9097180972072465,50.73531504765742],[5.909717671203217,50.736557902788725],[5.908901609119825,50.73860066745315],[5.906255634203808,50.74161703737047],[5.903969341472952,50.74299467788779],[5.896804268723322,50.74590543297874],[5.893291267320969,50.748955320592415],[5.891724511158679,50.7512371635529],[5.891216741572129,50.75285525669322],[5.89131103698584,50.75425031577158],[5.892115639004411,50.7552484510935],[5.8968340413342135,50.753484866371544],[5.899691827460776,50.75290617945293],[5.901227659592276,50.75306710585459],[5.9064767932546705,50.75488664343743],[5.9118600814718665,50.75498546491356],[5.914116432037971,50.753882836282884],[5.91600299572434,50.75173497410705],[5.918559986525377,50.75133358135645],[5.921709452916752,50.75200145887642],[5.931420898032869,50.75621195909294],[5.949014408443683,50.76001216122225],[5.9576148106212194,50.76163423231587],[5.960474875666974,50.76184935304937],[5.965619038945351,50.761259576698336],[5.970452980949689,50.759968545610484],[5.9728745455085965,50.75869504996731],[5.976628925248458,50.75527139687734],[5.983647706936342,50.75338072478867],[5.991750340570364,50.753041589278105],[6.013798879576166,50.75468761146537],[6.021026043865873,50.75435773727493],[6.014826506927251,50.7413841575033],[6.00063076054129,50.7155235410973],[5.9963862666136345,50.70920810607155],[5.992806018704769,50.706699121419774],[5.981946087646231,50.702663202939775],[5.968680832507722,50.69604304438242],[5.963970156732884,50.6928427396764],[5.960132116352545,50.68970567638865],[5.957434531100337,50.68688420603311],[5.956547519178482,50.68518025726906],[5.956732073426874,50.6838577669277],[5.957753417993572,50.682569627498374],[5.967409740759305,50.675090008050695],[5.976105669778971,50.665314836971085],[5.9799949287021175,50.661589024954154],[5.983593981350461,50.65916168304129],[5.997529465771513,50.651651746023475],[6.002606097347768,50.648436538073625],[6.004861107128969,50.64651365178381],[6.005632441878075,50.645186657528335],[6.005618194230014,50.644317438396655],[6.003487472753808,50.640779934491356],[6.003182349499663,50.63963855215992],[6.003741880211394,50.638398941612714],[6.006938668799975,50.63477024559339],[6.007484576153078,50.63339600877024],[6.006941216742067,50.63179925171145],[6.004030497894989,50.62900282410873],[6.003137923182367,50.62751748235543],[6.003254931231321,50.62571047628106],[6.004295469060877,50.62392835757138],[6.006148054689145,50.622096838044484],[6.0120356635008525,50.61801875396944],[6.014830794393634,50.61495250639751],[6.01626922613613,50.614063958521534],[6.019400681510168,50.61406053813178],[6.025855645329237,50.615843108188606],[6.034476790941892,50.614697234402364],[6.040533518024666,50.61451314154525],[6.0424574527523705,50.61392703324584],[6.048557456837855,50.60953015944949],[6.0529074770731395,50.605018481216035],[6.055797273145619,50.60044316986204],[6.0580524593666265,50.59898882200641],[6.059925964830945,50.59882474478936],[6.06676506546496,50.60001285729997],[6.0768120788139255,50.59948997115096],[6.088665621621073,50.59705074848443],[6.096536863386113,50.59733417393963],[6.099941145235773,50.59650488586663],[6.104180576177384,50.592960677422056],[6.110480707786783,50.588839542464775],[6.116329087334207,50.584029116672134],[6.117464029739041,50.58206503557136],[6.118205234972014,50.57986273665642],[6.119282911979943,50.5724471579799],[6.119852365643669,50.57093482701285],[6.1221659792282646,50.568356193177515],[6.129663275512726,50.562718836722965],[6.133230966846514,50.559004288669584],[6.134155829005706,50.55697470797305],[6.13410098952333,50.553508980539114],[6.134453399637766,50.55214625708459],[6.137605052887407,50.548083458401855],[6.144580832468863,50.5486907799549],[6.148123920419152,50.54946515952036],[6.155661401693485,50.55204517339063],[6.160198730560835,50.554486658307376],[6.163029639090145,50.556830920515694],[6.164262910605961,50.55851707019824],[6.164969678249884,50.56100282623727],[6.165669826132679,50.566970515950345],[6.166168369149867,50.56838908285033],[6.167167829648821,50.56937614675531],[6.168916258281612,50.569704047884116],[6.172486145913712,50.569412819312596],[6.189313147854261,50.566098678029704],[6.1886040334538075,50.56529746316932],[6.17767040224172,50.55895022802607],[6.176118387861802,50.55744819496584],[6.176092225193284,50.55628170422539],[6.177748911974847,50.55214377903495],[6.178341499779889,50.54444880812785],[6.178952563351533,50.54305191329764],[6.180077310335547,50.54213444899485],[6.189076341913322,50.539570393228196],[6.195357704351604,50.53628949902599],[6.196450827047061,50.53532273879457],[6.196754491031562,50.53438350889746],[6.195716482375952,50.532170427133394],[6.19101283973918,50.52904887414372],[6.189205824676289,50.52668992472903],[6.189417160187429,50.52486921197076],[6.19217680537954,50.52103483748549],[6.1730214644260615,50.516724821153026],[6.160416727212462,50.51500543851039],[6.1526787278884765,50.51343237017983],[6.140516893047605,50.508313463340855],[6.137592753859599,50.50667213619522],[6.135421890590664,50.50489824242598],[6.133620141271249,50.50282479153509],[6.132144885907852,50.49917103969692],[6.13283987940504,50.49709107799792],[6.134956511450959,50.495216217917154],[6.137406629562345,50.49397580012526],[6.143328530939482,50.49186840527766],[6.145287098400941,50.48987248091588],[6.146122310992957,50.48737895743119],[6.146448026492368,50.480364824883175],[6.147446336130613,50.47528743922362],[6.148423029372318,50.472482267256],[6.151713467394904,50.46601373569532],[6.152624675964927,50.463420883056905],[6.153039347273192,50.46042349951758],[6.1533979702331605,50.4483382649568],[6.154047817100062,50.44378905871797],[6.154981202733312,50.44107817414305],[6.153804440250019,50.438378503616164],[6.150620115327371,50.43536069269385],[6.150039559026093,50.4344076247312],[6.1509542836446425,50.428971235014664],[6.150915525952344,50.42521652762914],[6.152604639150777,50.42411337448202],[6.1620939063704405,50.42142441927858],[6.169158298670698,50.41849017098709],[6.171774119783829,50.417954534570256],[6.175701274087121,50.417792951335635],[6.1772355290703524,50.41717816129473],[6.178661922908956,50.415457643588105],[6.181444908003132,50.40883407956754],[6.1819200348092105,50.406981618368235],[6.181862712893645,50.404770523269725],[6.177064326281641,50.40195715148655],[6.173683296281585,50.40346651269535],[6.171652974048122,50.40325185694051],[6.1664826261349335,50.40014482310924],[6.160803951782498,50.397999192283415],[6.155155866171669,50.3944124023593],[6.15260911509599,50.393211274058345],[6.143802605736738,50.391213398758424],[6.13043609150613,50.386900148675295],[6.1250187405823375,50.38430813017559],[6.124362596445989,50.38349219989501],[6.123145969662996,50.380056347411504],[6.121989739762708,50.378965694563604],[6.120416621707207,50.37822663453876],[6.117555912120443,50.3778940744314],[6.113556306330036,50.37984520802111],[6.107610841065562,50.377968826293404],[6.096565602994792,50.37159176652437],[6.089528739067237,50.36682173758463],[6.087727065133968,50.36494886412612],[6.0869211360157935,50.36172473069894],[6.0843164457620365,50.358725075793814],[6.075374496286433,50.35275310772695],[6.071110373032965,50.35074408975074],[6.0699901859492575,50.350510717448266],[6.0615349600654715,50.35192483377711],[6.052831181790509,50.352535694542986],[6.03980378242746,50.35278748017464],[6.032783950072743,50.35239276468949],[6.021745964866067,50.3504564307951],[6.0221456655377406,50.345614364614306],[6.021845796529438,50.3446504971028],[6.021135971047823,50.344029692633306],[6.017331806270342,50.34295668696083],[6.005667744439918,50.341458439876845],[6.003178851823014,50.34030594178698],[5.995866371930991,50.3357787052212],[5.999774906131972,50.335551414809636],[6.000806321161762,50.3348956864925],[6.001343356375042,50.33399890211186],[6.001224373127125,50.332879844266515],[6.000401267778284,50.33188107625044],[5.99874680175733,50.33055587883099],[5.9971575359297455,50.3299995468312],[5.9814152598502,50.329922342754415],[5.968007593512408,50.32820949561527],[5.962697459979201,50.328214161955074],[5.960381716430203,50.329069072848995],[5.954903126125909,50.33328660175016],[5.951194622989453,50.33521721213447],[5.947247246136901,50.3363714245846],[5.93967130155701,50.33746327464605],[5.936726612007268,50.337100029595646],[5.931904552087512,50.33449986891022],[5.928443764166875,50.333236125603186],[5.925920324536753,50.332850080412015],[5.922648077032075,50.33295052911305],[5.912055388210963,50.33517077237243],[5.900826831747737,50.33892571078252],[5.896255860372201,50.33937937590333],[5.889262169215129,50.33937172092422],[5.884061211872141,50.340270662567555],[5.872929398141654,50.34348574562901],[5.8640294887069055,50.34677311905499],[5.862027964883848,50.34678267706707],[5.860273596696252,50.345541851066955],[5.856988493325217,50.34221328301776],[5.852399535845828,50.336227901984266],[5.851068347276905,50.33263332812188],[5.850520615675957,50.32682505162634],[5.853268329250717,50.32705217221283],[5.856329002124242,50.3266128606166],[5.859557182601166,50.325676472152736],[5.862410128702465,50.32423605146969],[5.867957084977248,50.31877198893184],[5.868275806103083,50.31734849556264],[5.868029564660174,50.3145921071206],[5.863354549397774,50.30571929526493],[5.857080263588046,50.300360659372004],[5.856698054581857,50.299273540033724],[5.857120152955081,50.29703620624354],[5.856755563368756,50.295868942268534],[5.852464007650627,50.29251380326037],[5.850258016644079,50.290016037001024],[5.847130999823237,50.2875635462712],[5.845911647199342,50.284769417568995],[5.845954412432267,50.28225526506783],[5.846981283151107,50.28128256157577],[5.849096368913766,50.28108016951603],[5.8603513768762525,50.28224558342905],[5.868006731743365,50.28226154882758],[5.877423962037732,50.280779737210345],[5.879522697278142,50.28001314515822],[5.879757531085098,50.27941438843775],[5.877031124710722,50.27719238483255],[5.873292367132942,50.27489845755904],[5.870112357963363,50.270174095537136],[5.868482904579176,50.26902746775584],[5.859662714930505,50.267441772615975],[5.848184779765178,50.263776254123535],[5.840533092425427,50.26223789978957],[5.836942625860012,50.262668030134094],[5.8318345971228,50.264842176136376],[5.828489855398561,50.265631683357995],[5.8126314507269194,50.2638806947341],[5.81113802222982,50.263440547217634],[5.810054220032165,50.262485522805115],[5.808188632636846,50.25732221951795],[5.807252701634182,50.255987205133515],[5.80657375402058,50.25634919306446],[5.804975259029755,50.26009399264355],[5.801522884322967,50.26339000484518],[5.799265758400225,50.264434156746475],[5.796290542075119,50.26486552029644],[5.7929103221103,50.26485874300085],[5.780697513148475,50.263705063987466],[5.777740245359566,50.26439042441366],[5.769876737892609,50.267163138709115],[5.765657933532521,50.26783772413543],[5.7612233946533,50.267665459139664],[5.753581718222993,50.265971028338775],[5.751441410351162,50.26503992506989],[5.746952545228991,50.26188410078264],[5.742322695675483,50.26063570071683],[5.738312035600307,50.26034609770881],[5.732866363172031,50.26055987409922],[5.722482638536541,50.26170822941469],[5.721549330193183,50.26198185661429],[5.721006793640611,50.26259735017362],[5.719717993955043,50.26491668291657],[5.720072547623312,50.266580813979736],[5.721653616819358,50.26813529537303],[5.728478855099451,50.273067890893955],[5.730875915252945,50.27531471156168],[5.732911612300144,50.27868263268216],[5.736786163584291,50.288973251451615],[5.740066969386463,50.29201054833651],[5.746247025974087,50.29570745803529],[5.747352320258475,50.297271140105345],[5.747610313238596,50.298670005518986],[5.747268383100557,50.300481497201886],[5.746476750849233,50.30144318485885],[5.742985056815221,50.30264599645203],[5.7326192468531865,50.30334137901121],[5.7239781169648,50.3027819404197],[5.721338137562201,50.3035635704372],[5.718536891218973,50.30547143398638],[5.712058204505393,50.311482348224736],[5.709728419897157,50.314657000274686],[5.707496380234881,50.31881270328325],[5.7044513692885905,50.32598902288316],[5.704029935110653,50.328352270880835],[5.7045707949124935,50.32893417547007],[5.708367093434762,50.329660692073794],[5.710231127711385,50.330490954432626],[5.711695000443546,50.33154700379067],[5.712877772759062,50.33320017858218],[5.7134469470085865,50.335039396022374],[5.7134337685478345,50.33712957002489],[5.711432682587243,50.34227480240759],[5.7128173433827225,50.345514490594866],[5.712720574505013,50.34800184475934],[5.713434102931079,50.34888710201653],[5.7177887414352355,50.35213380454744],[5.719425139889535,50.35387894742965],[5.720499207574915,50.35611044717794],[5.720246506281973,50.3580715511734],[5.71435725412371,50.358380316490106],[5.706540232284403,50.35993887863626],[5.7038231259443695,50.35957911944087],[5.697145592053889,50.35782167089949],[5.690197618473144,50.35717508700715],[5.680501238994527,50.35753783657482],[5.673937168161184,50.35726444733748],[5.672204867779702,50.35753812572272],[5.671300110086406,50.35827625107879],[5.670990492560708,50.35932704397695],[5.671455314116695,50.36286544121295],[5.6728480869158275,50.36546302848217],[5.675838893308598,50.36851006142015],[5.666335660947241,50.366583193490264],[5.658477089419635,50.36559045509157],[5.650950179536197,50.36539847038333],[5.646257745283202,50.366139415238564],[5.636035634725112,50.37071724321483],[5.630662727266574,50.37208088240254],[5.634131687583419,50.37409976824929],[5.6344588157980136,50.37465214110966],[5.6341224115613056,50.375345224292126],[5.63245027532395,50.37621763083351],[5.613738337027915,50.382954447096935],[5.610385302643084,50.38502451422053],[5.603753591733251,50.39057609039731],[5.598825182213531,50.39364671433959],[5.594874771449156,50.396825433470944],[5.5933229256948165,50.39761385268556],[5.590211374106668,50.398446281908555],[5.587010657645425,50.39881200000653],[5.584557827828425,50.39868175384195],[5.5719269717715685,50.39677120592999],[5.569321231800126,50.395869998174916],[5.560597380376242,50.39138837267508],[5.554706445888375,50.38961997741803],[5.542470664731936,50.39088969648891],[5.5372107328069875,50.392096143499494],[5.532639991639918,50.39411414750975],[5.531350220245996,50.3950307309017],[5.530590131954959,50.3961373577482],[5.531061151409027,50.39778377541492],[5.534654772063912,50.400362523122126],[5.535026615895893,50.40129724432117],[5.5344034310185695,50.4024355530432],[5.531979367465018,50.40323315982864],[5.524784316928006,50.40265911450616],[5.521263597322856,50.40355919468064],[5.519949240646991,50.40517728495967],[5.520513909450522,50.40752986494239],[5.5191489205174875,50.409218975757355],[5.516989171063975,50.41050456813922],[5.511848311739172,50.4125686708859],[5.510536187795322,50.413539654469766],[5.510068833178301,50.41488751122867],[5.511798323604367,50.4177076830423],[5.512013203847327,50.41938692151255],[5.513926229424896,50.42082042231167],[5.512016670778591,50.423082274080805],[5.511867631143392,50.42417982280564],[5.512285312030656,50.425066178130606],[5.507331585833836,50.42439545823665],[5.503184834655324,50.42331013542996],[5.498019522214312,50.42081850103076],[5.492595947359442,50.41907275625352],[5.487662800172274,50.41698145675052],[5.478394455935371,50.414224635572424],[5.46891685501597,50.409279682737846],[5.466403581276794,50.40868414593911],[5.457299763354725,50.4106632598458],[5.456834580376271,50.41127447571303],[5.456654606222852,50.41347820749276],[5.4523531577147715,50.417816099801925],[5.451149626928725,50.42034256280468],[5.4442323973363695,50.42067497178376],[5.4407682967703215,50.4213615358329],[5.435539432052395,50.423743700050885],[5.432477458158028,50.42719472840631],[5.4292649277161775,50.42929395725939],[5.4243451206195825,50.430534152601055],[5.422146101427489,50.430608962804016]]]}},{"type":"Feature","properties":{"terr_code":"T02"},"geometry":{"type":"MultiPolygon","coordinates":[[[[4.30712088128451,49.96865071125642],[4.297952046689664,49.965258502399564],[4.291396079288025,49.96421485373586],[4.268475555451942,49.964844218418364],[4.2623005852872256,49.96387933396139],[4.257064464904215,49.96354289479725],[4.246048163140984,49.96176971388156],[4.242553046772271,49.96092506948228],[4.237284513479854,49.95891997219966],[4.234006180554842,49.95824558099727],[4.230735694991896,49.958103370534694],[4.2232256109524995,49.95854489373752],[4.216715427914068,49.95769714261201],[4.20665687262953,49.95727399625116],[4.197700904327905,49.95587084193429],[4.196122864635163,49.95652330489025],[4.195602167208463,49.95781279218513],[4.196009865612224,49.96154253190182],[4.196877003639518,49.964641226920406],[4.196765012156789,49.96582568339413],[4.195254832779544,49.96743820762814],[4.192543303622888,49.968691876107385],[4.179360255305325,49.97251753397524],[4.174340336241644,49.97551447378492],[4.171359546308646,49.976570149886896],[4.1675173396824325,49.976773942102554],[4.152928366215964,49.97533890160488],[4.145610237989713,49.976510049007366],[4.143931324378884,49.977320136937344],[4.143335429315773,49.9781990033249],[4.144006440793559,49.979608990292526],[4.147329108787399,49.98256433548966],[4.153807638773782,49.9856348274144],[4.156210014163484,49.98753244640945],[4.161613767494425,49.99496983308254],[4.1619993662612655,49.99620107765802],[4.161943159990984,49.99782836526413],[4.161092236052834,50.00007434398852],[4.159105569891942,50.001983362128236],[4.155944397678699,50.0011505470133],[4.151741468785551,50.00169253857577],[4.14828536314311,50.00321477236306],[4.145891261985356,50.0056827834898],[4.14370689027278,50.00654816297897],[4.142890101508977,50.00819688050102],[4.139503737848606,50.01052884499079],[4.137453385849096,50.012872717771465],[4.1360841094487695,50.01559171802235],[4.1359280323731475,50.018598037079784],[4.136505601803741,50.020411420780654],[4.137903698806954,50.02255058157122],[4.145073137471703,50.0304143925618],[4.149065333160479,50.033787865438654],[4.153122305292075,50.0394953779928],[4.155848720821082,50.04266069242464],[4.160423207013578,50.04696444866373],[4.162783177073205,50.048167195331345],[4.165187549082492,50.0480943348655],[4.174257492766387,50.04628747802777],[4.177007039681762,50.0462830857199],[4.180535675232239,50.04688282207261],[4.187326688855217,50.04901123831898],[4.193328926592734,50.050423828293525],[4.194685345367984,50.051425174813055],[4.197578623458531,50.05530002569793],[4.199212074174745,50.05651849051842],[4.214281033077042,50.06006944857539],[4.221765097612159,50.062577892882494],[4.2274159249403604,50.06628876473191],[4.229090942277579,50.068448615917625],[4.230111188898184,50.07087444101001],[4.230246916578492,50.07317961298114],[4.229703631826472,50.075083319315134],[4.224346919824754,50.08436989268783],[4.218622237195824,50.088206758466285],[4.215295053476308,50.09228789348894],[4.21314462498872,50.094215303081626],[4.2105549937816855,50.09565436813674],[4.206575681580499,50.09697481337927],[4.203740445504254,50.09878800829061],[4.202710820702541,50.09991711155306],[4.202402378475911,50.100885266782164],[4.202958920855057,50.102189682596716],[4.204681028911602,50.104206582414285],[4.204752985714791,50.105094203144674],[4.203669297524065,50.1057649113126],[4.199549405573377,50.10678354100765],[4.198464736355804,50.107581500183336],[4.198539270651833,50.109436437500214],[4.201630360460318,50.11397837358567],[4.202584915963561,50.11673765031451],[4.2023280198317865,50.12221693411307],[4.199698275185763,50.126935337216175],[4.199469860676416,50.128830556976304],[4.199761317132499,50.132146612395076],[4.198782507181973,50.13361001907584],[4.197285360888523,50.134269737780826],[4.195013834023153,50.13448101095788],[4.1832483864676036,50.13343708028792],[4.177506107115916,50.13329995308727],[4.165360656603541,50.134553727933735],[4.160530428924996,50.134702541459376],[4.158377978801887,50.13426412944701],[4.157499321373667,50.1337092427695],[4.154707476345315,50.12993380273882],[4.153346179811904,50.129014849546934],[4.151116292780743,50.12867983913678],[4.144168712670445,50.128610001619855],[4.133595612451184,50.13183318742832],[4.130144027116479,50.13412694478223],[4.128929808417477,50.13591114777686],[4.129123725921547,50.13716517200078],[4.130152237415296,50.138914998538226],[4.134663657019339,50.14328993264896],[4.13702966143387,50.1495335812186],[4.138495660334913,50.15182458058645],[4.140689760241492,50.15376004601697],[4.143638328100804,50.15569458308581],[4.152167902683098,50.16031354104555],[4.153760817717418,50.16174654116874],[4.154923512879708,50.16390862607308],[4.155123661379053,50.16751076376563],[4.15455086768409,50.170391840989],[4.153593783525758,50.171617319424136],[4.150267794884197,50.17370088710124],[4.14979836611428,50.17444547187252],[4.149809891681882,50.17543740198094],[4.150726698374097,50.177759637114455],[4.153352216749107,50.18054749282035],[4.15543087113573,50.18381837457125],[4.1565671170789535,50.18724461905745],[4.157326554861187,50.191369885034185],[4.159816584407798,50.19433517084469],[4.160424534150083,50.19778229862992],[4.159960806292178,50.20007519886976],[4.15911353562859,50.20160285467869],[4.152866056201313,50.207709143283346],[4.15188615624907,50.21125896344995],[4.151964249270272,50.21254127515505],[4.152743949626048,50.2130097137532],[4.156528223728432,50.21377111021894],[4.165443479128791,50.214668002055504],[4.16614576848668,50.21538575807045],[4.170618134084021,50.21706980511399],[4.171867289238905,50.21892892204238],[4.1758371846200175,50.221977681626285],[4.181824342388211,50.23144034284453],[4.184392104056606,50.23382474918363],[4.192809181453555,50.2390515058007],[4.194944205875318,50.23975992546668],[4.202152891166289,50.24109288055058],[4.2115335593868215,50.24585448010722],[4.217043269644475,50.24948976176822],[4.219993844358605,50.252635573918674],[4.221078835128738,50.25567879727967],[4.220963329435327,50.25727138395636],[4.220469795304433,50.25838320594418],[4.216278852509509,50.262586285090606],[4.210872844078475,50.26964043243138],[4.208623246008626,50.27161290683361],[4.203880725365174,50.274182820324796],[4.194517019275725,50.27373018523148],[4.182336190838653,50.274632907220884],[4.1789897129942695,50.27537000216257],[4.177547265284315,50.27608445925188],[4.1760655003799,50.277964853505246],[4.175521830855505,50.28199451435428],[4.174703148443491,50.283611936263476],[4.170912799386985,50.285401754524635],[4.167739727811005,50.28767277328609],[4.1643405159792195,50.28798901319052],[4.1555064716407255,50.284214270794266],[4.153788627754175,50.280476333911025],[4.150892945845858,50.27714333531137],[4.150543373947362,50.27587960540954],[4.151069214662444,50.27485195088038],[4.15229678706048,50.27405149806825],[4.1621780026279,50.27102681386413],[4.166623448570222,50.26740362336908],[4.1677863416446455,50.26604225873002],[4.168303511219012,50.264099439072425],[4.168065697145315,50.26202885146239],[4.1671279389986635,50.260306050153],[4.162852543070077,50.25767273833095],[4.157842845007705,50.25672555491909],[4.153498088928755,50.25665401225648],[4.146126557820652,50.25762742289887],[4.139537305132947,50.25755845002368],[4.1373033348963455,50.257915280456295],[4.136632147558944,50.25838369305491],[4.136416302626375,50.259074291545446],[4.137243406342524,50.26110196409239],[4.137274800111821,50.26308731919453],[4.135058591260588,50.26693497659683],[4.135156142785388,50.27173849127915],[4.1347451606645365,50.273118373250306],[4.13404628197846,50.27369327201047],[4.132465308203928,50.27409078950136],[4.1252267897328,50.274167984257545],[4.124322933120704,50.27467613656272],[4.123503058874391,50.275765494229645],[4.1231696032697105,50.277739957170496],[4.12455288412615,50.281201183790145],[4.1254772177755585,50.28520575942572],[4.125160118174577,50.2900497475275],[4.124212366466701,50.293366785948706],[4.1227878200993,50.29660601246277],[4.118263155344232,50.30172469977082],[4.116576161104038,50.30263567528276],[4.1115328143240015,50.302758459523595],[4.109682459184206,50.30330739998371],[4.102080931313993,50.310149933758254],[4.099785945279336,50.311567268975786],[4.097688020444814,50.31235706783286],[4.09578198375032,50.31262821729401],[4.090702914452617,50.312430938694405],[4.0880767602241574,50.31201594935975],[4.083268765366444,50.310280956950024],[4.0810110325427935,50.310498390625696],[4.079838006119445,50.31199321328975],[4.078124155848195,50.31885038685865],[4.076693257017493,50.32086450044365],[4.070535294687753,50.32493545585631],[4.0641840859907,50.330052301532824],[4.056068618437204,50.333314021250324],[4.051658295322196,50.33852385609287],[4.0493416684497,50.33930914081336],[4.0424338986546395,50.34013845990325],[4.037586036222921,50.34304877758166],[4.034530782152974,50.34689819349444],[4.034033223537033,50.34888883662423],[4.032304469448275,50.352598058824945],[4.031465796058547,50.353173302207466],[4.027562872039592,50.3583800166017],[4.025067690049394,50.358169531263],[4.0198411506711205,50.356541131181295],[4.0179767991738276,50.35523547539772],[4.016159984277006,50.352718880585286],[4.013583502044001,50.35134960365287],[4.011201181637595,50.35064149301694],[4.001945769037455,50.34950346156649],[3.9936813934500917,50.34773450588717],[3.9901488637218288,50.346226281812655],[3.986913908646923,50.34361946257607],[3.9854837870017303,50.343121321398186],[3.9840845697302125,50.34322426896584],[3.9765837765709793,50.34586139922837],[3.97384608712373,50.34638077214468],[3.9727105473683912,50.34595690748472],[3.9692906790037226,50.34269370039103],[3.9676594214013794,50.34218997469305],[3.9674341292810094,50.342959154964795],[3.9681301459253433,50.34653179304812],[3.967818798893839,50.34788557041509],[3.967026588764376,50.34857260582318],[3.9645044248488124,50.34847300832128],[3.9588430801864556,50.34670027241929],[3.913159465804555,50.33006482892177],[3.905132713762976,50.32807645161155],[3.9013998232907956,50.327661605975834],[3.8954819755324297,50.328071830244795],[3.887415702200203,50.32784277635873],[3.887056519528141,50.328345230630475],[3.888727760037764,50.3303738257069],[3.8892532913310833,50.33379560431011],[3.889015945962785,50.33517201416419],[3.8875957445928813,50.33687379221678],[3.887375960556675,50.33847914817032],[3.886653577707481,50.33949236684085],[3.8849519867905995,50.339664652375866],[3.880390335364162,50.338661063260034],[3.8763391936517797,50.33832908596552],[3.872875866456655,50.3385504724851],[3.8698117997773704,50.339272386907126],[3.864574387162855,50.341436034492176],[3.862542459152463,50.34292842037678],[3.862295709339937,50.34373923260284],[3.859100987265031,50.342800533785315],[3.858195287816003,50.34289041056527],[3.858405442661117,50.34490855159102],[3.857816310864496,50.34669371836011],[3.855499778570031,50.34949143392058],[3.8528465338181195,50.35120596097182],[3.84780912720441,50.35274596689083],[3.8381513463545027,50.354236850849496],[3.835339657886898,50.353447082968884],[3.826891531956658,50.35273240805518],[3.825594591321072,50.351818076051046],[3.823772758951815,50.34852160617781],[3.8222734765760724,50.34704241467993],[3.8198907449895003,50.34593155002414],[3.8163975355302675,50.34533881290543],[3.8138583460804125,50.34584368501245],[3.8121511672260984,50.34728298235421],[3.808152912271526,50.351778754926016],[3.804651218698125,50.35273277411366],[3.796962587663411,50.35177892187325],[3.784383151001753,50.353118438329815],[3.77820132849917,50.35293080069556],[3.7717968847031926,50.352009369595095],[3.7672886704714896,50.35179391661334],[3.7632178460515164,50.34944296512493],[3.7609310128526783,50.348956890354515],[3.756081773116244,50.34934149746892],[3.750657386932268,50.35033406329983],[3.7480438534177893,50.35030345380707],[3.7401102814081595,50.34698875259718],[3.7357546791478113,50.3430138474691],[3.736143611892126,50.341189861095714],[3.734686622517887,50.33832583057431],[3.7353940756587556,50.33537804786556],[3.7333790079203517,50.33158567742576],[3.730733003736872,50.329098611716404],[3.730037875315102,50.32732567329254],[3.729938501490645,50.3252876068004],[3.730935782840387,50.320677025720116],[3.72919762553848,50.315199073126465],[3.730070432583221,50.311912060061175],[3.7298400544596197,50.311139588979074],[3.7277060887299127,50.310266592573406],[3.7238264991979952,50.31100920801341],[3.7216440259342667,50.31232220964995],[3.7191231344833997,50.315740178184214],[3.7174294652150586,50.317134709858166],[3.7139519808245,50.31861717484972],[3.710953058003467,50.31871415937411],[3.710290032128914,50.31764786755821],[3.7106613979597576,50.31557937244269],[3.7115163588128692,50.314272566065306],[3.7142552693639748,50.31214357558862],[3.7156352228094,50.310452715347594],[3.717057903055239,50.3053420322913],[3.716850325883441,50.30489814636999],[3.715442297809717,50.30425747046525],[3.7101989796736796,50.30324425029265],[3.706327588354573,50.307149464803416],[3.7035660929859295,50.30933774774808],[3.6956093500126093,50.313740361749026],[3.6934466550572567,50.31649157039138],[3.686622937804847,50.31960253598067],[3.6917828382699835,50.319852880939585],[3.692330035706469,50.32016711504589],[3.6924859343996426,50.320721068606844],[3.691582235137701,50.32182754709613],[3.687148009987003,50.324497562991496],[3.6803964574816317,50.32940095604642],[3.6751456611444455,50.3339798025056],[3.6746419660272935,50.33553025360286],[3.6757782366872718,50.33910256813837],[3.6754789464579125,50.34084245887226],[3.6739801590623054,50.34240397355769],[3.667143442693004,50.34719335413954],[3.666403999146056,50.34812682729881],[3.6671968994127044,50.355756286337],[3.6669061164668078,50.35970949522405],[3.666074533019654,50.362206121810665],[3.6642535354183905,50.364493539194],[3.6594478978406695,50.36748626448781],[3.6580440738125652,50.3693673445172],[3.6580451727744836,50.371153800204624],[3.6591063989680137,50.37334111532466],[3.6650361313374864,50.37895121216742],[3.668645606394722,50.384409387215115],[3.6716879900105504,50.38743707043576],[3.672636374080265,50.388860741067795],[3.6730100423203935,50.39506102760445],[3.674005602083177,50.402285691220406],[3.673208389338693,50.409708895897026],[3.6710307122142942,50.417827068917695],[3.671226787027857,50.41972448286911],[3.6722724932924775,50.42218781933156],[3.6707600009787806,50.42299320655952],[3.669823244383608,50.42505758976561],[3.668706422373172,50.43722453653751],[3.6670412009116546,50.43955434726503],[3.6617015857880486,50.44328867610108],[3.660672779308626,50.44454246723034],[3.6599994197063337,50.44616377917184],[3.6602392090448834,50.447784220662534],[3.6625973904734597,50.4526252881047],[3.6619999815176225,50.45559048011487],[3.660154768280977,50.45796049785373],[3.6545590509434223,50.46210559525788],[3.6506666388755615,50.46298108373375],[3.644793548374527,50.463332416342716],[3.6411001164556502,50.465454173044044],[3.6375954393154895,50.4686449833378],[3.6350865827071455,50.47167505289209],[3.632805920314901,50.475304515034665],[3.6302763017086357,50.4807031531207],[3.628169610390102,50.48229925463882],[3.6184160315973766,50.48781358244482],[3.6158356673840086,50.489774839898956],[3.612562666192103,50.49300853355337],[3.609987821149263,50.494854947035556],[3.6076616322137878,50.49559764091889],[3.6054615806144525,50.49547196314004],[3.5936576581763235,50.49166504117934],[3.5890348690408778,50.490978832090235],[3.5844529888180334,50.491071062626865],[3.5804111187413175,50.49234099766724],[3.573900741425857,50.49705810782085],[3.5719141911426884,50.49910319901626],[3.570744823469415,50.49970128572371],[3.5688514954477952,50.50000130571958],[3.5614313135061746,50.498414379676106],[3.5480434737845736,50.4974346906601],[3.538914022936407,50.49508874129812],[3.5310091116079994,50.49540963118838],[3.524749321541986,50.49518290614802],[3.521710630797748,50.49430993851962],[3.515634932275666,50.4917637875382],[3.5063759717761265,50.488807301612034],[3.5028268387589283,50.487883733960324],[3.5012572810703895,50.48792173028685],[3.499549841421962,50.48908949819918],[3.4983342500129346,50.49171149335979],[3.49739722649014,50.4979398769005],[3.4978997482174004,50.499884485930444],[3.4998244986029996,50.502413117095124],[3.5039346395890067,50.506151727469366],[3.5116879503543523,50.5102410485307],[3.5151493227038473,50.51289916782769],[3.516175701537837,50.514571707078765],[3.5180346735074606,50.5197314658568],[3.5183848925197867,50.5225011312389],[3.5180476298897987,50.523625323764804],[3.5153286243887654,50.525248029518934],[3.5080668045989896,50.527884969406415],[3.502811789017883,50.52928906358937],[3.499049246257897,50.52979211859808],[3.491177844509267,50.52841508949794],[3.473931894391558,50.533013807484345],[3.4695626209366806,50.5320275443525],[3.469828169698097,50.5317938148534],[3.4695929138706565,50.53103678077776],[3.4669391552051687,50.52820752600871],[3.4557444913813664,50.520030192838995],[3.454385998282197,50.51810976952534],[3.45094907446801,50.50964822538849],[3.449803228607105,50.508187152287526],[3.448622430551673,50.50739329493467],[3.446901919966474,50.50690315030393],[3.443618900331864,50.507066209971555],[3.4401558925073763,50.50801467617695],[3.437595338959669,50.50919207034244],[3.435933687283584,50.50912844713238],[3.4334949327086184,50.50821679510611],[3.4285223645651657,50.5052959238341],[3.425165644635597,50.50410996380237],[3.4154148489032754,50.502122099845344],[3.406325024185838,50.499284532525216],[3.399388972386111,50.49824296368507],[3.3962249191892644,50.49738221840601],[3.3915057036359504,50.49717476091702],[3.384102602025092,50.49376357039789],[3.3789047333418347,50.4922836480739],[3.376219877591922,50.491975653929366],[3.3741372563034973,50.4924769815547],[3.371734902577912,50.49384180615776],[3.3639578972658115,50.501556074766334],[3.3607051537719963,50.503675833486966],[3.356900962917449,50.504734669701655],[3.3402318625344956,50.50776124818996],[3.3303366661499245,50.509112263615975],[3.329027563525287,50.50973728969766],[3.3280219433252847,50.51070722445636],[3.3277461237605106,50.51154573457132],[3.3281614592634936,50.512528915908504],[3.3256709025963467,50.513674872224186],[3.3197000499081035,50.51796465302607],[3.3172337052353846,50.5187579553935],[3.308545631411307,50.51973088809045],[3.3036073506545756,50.520837029046234],[3.292465618954142,50.5246432919179],[3.2883430559711635,50.52706672469175],[3.2871067721730958,50.528669719577195],[3.285574169953467,50.53211060214561],[3.283980471839707,50.53443121240705],[3.2804901911186444,50.53825479096057],[3.27983313480653,50.539919861890226],[3.2801568128210703,50.54428494367007],[3.2791619687663194,50.550176220497406],[3.279492771676023,50.55161657598046],[3.2808986469079793,50.55358743608023],[3.281206468426193,50.555280480169806],[3.2809501104132357,50.555930412181844],[3.2800904979254675,50.555948731087085],[3.2791292842498545,50.55653754380076],[3.278729434781668,50.557716061313066],[3.2821793596146582,50.56053850336938],[3.2827689401515334,50.56152032266422],[3.2819891242152877,50.56274028434748],[3.2792006130735527,50.56493115131527],[3.278286019633365,50.567259737932375],[3.2781980197741607,50.56892333155419],[3.2785886190063205,50.57065941288058],[3.2808435243023806,50.57408644109919],[3.2811696728182294,50.57561822961379],[3.2805621833090357,50.57785189702828],[3.2774181132397584,50.58156791146159],[3.2765324284896837,50.58345777998699],[3.276557491895724,50.588056615821586],[3.2777994253966267,50.59429235992494],[3.2776686890958175,50.59544832452506],[3.2759414743718915,50.597570349650354],[3.273929228717391,50.60357330712001],[3.2691711392658314,50.61170883105281],[3.262776132777802,50.6176977848567],[3.2589435095543933,50.620526388587535],[3.2571343414218075,50.62255645890423],[3.2566585669334827,50.62378106942752],[3.2578165448131817,50.62784961108536],[3.2573844566977246,50.62950940849272],[3.245953254569226,50.64053589149594],[3.2457927686035926,50.642422885352396],[3.2478984426205773,50.646956871524004],[3.247884786050003,50.64917840668931],[3.246399522466841,50.65192630911783],[3.246336739225246,50.6527706631841],[3.242617893134569,50.65652181799335],[3.2415196113762974,50.65895536987512],[3.242082376736408,50.66718893072913],[3.2432717830953526,50.669146454472035],[3.2501082857441994,50.67269424824599],[3.2606691302517494,50.67587897279468],[3.262170783841455,50.67649842224063],[3.2629195690628983,50.677228342529695],[3.2626113049377308,50.67818191141492],[3.2602611509142836,50.68075032677112],[3.2556812674083764,50.68697207228509],[3.2548298175115975,50.68892358414215],[3.255554835459009,50.69040132692134],[3.258815339897619,50.69204459875956],[3.259575824589603,50.692917304833145],[3.2595168086268695,50.696611582475704],[3.2599106738371577,50.699575890059236],[3.259584345090213,50.700918617039086],[3.2584467110840274,50.70204078270304],[3.2523730354161815,50.70544042207059],[3.2454821163494816,50.7130510300237],[3.2403813008315767,50.7124047435618],[3.2338389224476507,50.71263238649932],[3.2287114789746147,50.71234410989035],[3.2213140534888245,50.71106393618483],[3.2130278633935014,50.712353336652974],[3.208552626331666,50.71189481257683],[3.207318893812896,50.712109451253575],[3.2071867322454075,50.71251947585414],[3.208442115785336,50.71485200817398],[3.2085960343766278,50.716221175972244],[3.208318999274827,50.717218681769374],[3.207430355513779,50.718235486735395],[3.2050348926719168,50.71953149531973],[3.1998027122775965,50.72070511239793],[3.19691321970988,50.7217818535128],[3.193751046948384,50.72366613128339],[3.192522276839544,50.725122201766084],[3.19240116070076,50.72634764274819],[3.192991717153071,50.727589992887324],[3.196754527948002,50.7308401510294],[3.1979781813277293,50.73237841610001],[3.1984323644374903,50.73399084487921],[3.1980050928458117,50.73525104537434],[3.1958790169048275,50.73709399372636],[3.1896894431299954,50.74014823842654],[3.187727109005626,50.74163794964197],[3.18630241872697,50.74371627604376],[3.1850213725912604,50.74715867253387],[3.1835500525589966,50.74952399892933],[3.17878594962303,50.75501696944275],[3.1774315668361126,50.75613534468942],[3.180984596634564,50.756082156086656],[3.185278351202337,50.757732787914634],[3.18974811168846,50.756252649534304],[3.193054302061915,50.75640235284264],[3.204731465421267,50.7602118967219],[3.2120881751566728,50.761914594723585],[3.2174327451218034,50.764392562400474],[3.2222382115238504,50.7649983724441],[3.2250134050371884,50.76478436580731],[3.2277611036363836,50.76410337945099],[3.2411711802405523,50.75752966233147],[3.2474121844703876,50.75649372835983],[3.257702477662373,50.75245944032115],[3.2647458430146834,50.75096245887215],[3.2709617161884594,50.7506875513473],[3.283972792714349,50.75146247127098],[3.2921401118410505,50.7501380857074],[3.2938967894925226,50.75054301178746],[3.2988987754699615,50.75280125407436],[3.302150844683392,50.75349001705189],[3.3051246168566104,50.753557248503796],[3.308800425741604,50.7518344407036],[3.3157146472374106,50.745809236704524],[3.3226525134887606,50.738785710343926],[3.3251281099235155,50.73400679794114],[3.329041792179311,50.73100720638687],[3.326722322946661,50.72658712207636],[3.3241880321552464,50.72324990756733],[3.3238299801585587,50.72220204651159],[3.3247317197178554,50.72240097771044],[3.3264791062246686,50.72198519832317],[3.3356972671990097,50.71792326992747],[3.347062014924988,50.71498216708024],[3.3549127241435213,50.711636328753],[3.359174265397043,50.710712744382775],[3.3600784890621056,50.710997418271084],[3.3608292298726767,50.71173985994145],[3.363895537782638,50.71667680934236],[3.365591476471472,50.72130099671017],[3.3688730190214664,50.72486465868025],[3.370472983208378,50.72601140579625],[3.375161443137156,50.72751525307426],[3.3861141932422423,50.728489713705585],[3.3893855418137244,50.72908703096923],[3.3980692683230735,50.73261948500937],[3.4027608485710297,50.73981096391371],[3.403512767242081,50.74350323442611],[3.4056453332632928,50.745411550422496],[3.4075561918454595,50.74611868259504],[3.410560151805815,50.74657270873337],[3.4200529475599772,50.746235756308906],[3.42500101489905,50.746918658889776],[3.4319926670946193,50.74902590312087],[3.433114132061436,50.74978728818542],[3.4334191103571574,50.7509171380336],[3.4323697893230625,50.75464647871485],[3.432921983893843,50.75548745660483],[3.436743620465174,50.7553603696262],[3.437303165232004,50.75578824743481],[3.437636049198217,50.75702602296366],[3.439832377447498,50.75792900434935],[3.445535031628972,50.7577066775365],[3.4534868566671366,50.75817171697472],[3.4565398934119975,50.763083212429],[3.456072126835449,50.76405004018491],[3.4543037028283248,50.765550519169395],[3.453777554206298,50.766974594907786],[3.4541958593889923,50.76963268567456],[3.455306949052472,50.7706514397368],[3.456174476954119,50.770353734079386],[3.4575020681100503,50.7673582293931],[3.4597143702298063,50.76597156798245],[3.4597061098804867,50.764400346504196],[3.4607518006566322,50.76349900973405],[3.4662705486311483,50.76359701982678],[3.4730167543904065,50.7620711132117],[3.4776622048322734,50.76182453440664],[3.4789037388290294,50.761417194467185],[3.4799611368735843,50.7599311965436],[3.481336259152326,50.75934359514984],[3.492297242299232,50.75798031462043],[3.497187000622795,50.758007957596526],[3.5097905997618333,50.7592111189037],[3.515600386533415,50.76037890891828],[3.5257256386355222,50.763227699643245],[3.5295380680232507,50.76397568682435],[3.5344213895885908,50.764306502470546],[3.5390860084781797,50.76373153346751],[3.540688810486338,50.76301938003993],[3.5393352392004807,50.76120933540512],[3.5388633926905593,50.759950801935496],[3.5394190685225504,50.75723717481447],[3.5454356835580643,50.749794064096214],[3.546629113362454,50.74748694011359],[3.546267429474918,50.74388631313786],[3.5454953742296307,50.74130719433044],[3.54421269272867,50.73838518273945],[3.541370315106712,50.73456855780523],[3.541326794361917,50.73349897410108],[3.544674577932951,50.73315828119818],[3.5527177264586975,50.73403490134378],[3.5560647882448597,50.733980677466946],[3.5592925210667476,50.73301797674802],[3.5646314754265473,50.729976153347124],[3.568939512391259,50.7289281505412],[3.5779554327153864,50.7294727267678],[3.58818852193954,50.729515396162014],[3.591887773723253,50.730093025465656],[3.599891279992693,50.73210933949241],[3.6086543853379234,50.73192968578119],[3.6127870966134306,50.730541675374695],[3.617341204666532,50.72668639066871],[3.6223691309288957,50.72368951986378],[3.626313521682549,50.72237269896346],[3.6316388189033435,50.72172059448578],[3.6410736273536477,50.722341238682255],[3.6414730024489317,50.73149730838328],[3.642471517271231,50.73554444643856],[3.6434094886896102,50.737649738022384],[3.645572808024905,50.739585023162746],[3.6545717168464686,50.74475722283257],[3.65711242215742,50.74661671271572],[3.6583773416021157,50.74816609203433],[3.6603875565907895,50.75232392721693],[3.6612429225874568,50.75323113311886],[3.667287461305335,50.75532552543724],[3.6710454204798864,50.75793362025699],[3.6719316716009196,50.7591392422985],[3.6722023631983727,50.76017538898622],[3.671649129664784,50.763866173207205],[3.6758387881334715,50.76800231818103],[3.677283995529779,50.77114919445173],[3.678052224301169,50.77189959938175],[3.680527246275878,50.771783047791246],[3.6824067410536245,50.77235708708073],[3.6847979058801745,50.771413320531565],[3.6890772656061577,50.77406494681931],[3.6930093484252207,50.77438113932794],[3.696913925827026,50.77409310592109],[3.7102699913716006,50.78186338001802],[3.710957841030538,50.78150979659725],[3.7112898020974643,50.78051888468016],[3.7099925667162315,50.77686778845089],[3.709971825916855,50.774985811982674],[3.712107635250652,50.772916241648275],[3.7124738998663473,50.77080554611599],[3.713062276778662,50.76981451880967],[3.7142759871053355,50.76887722121118],[3.7157264155151424,50.7685041726638],[3.7278438405049115,50.770438459096894],[3.7365286201158856,50.77136053704268],[3.742929006387455,50.774249566557174],[3.7485382248270427,50.775594837989196],[3.7545571501092825,50.77841213709273],[3.757259752244742,50.77903657587145],[3.7579400145130366,50.77864187826363],[3.7580488103319207,50.777877080595516],[3.757534518418432,50.776673159539286],[3.755097846055812,50.77343088884254],[3.7548047132148286,50.772055210336056],[3.7552675130876736,50.770716444723554],[3.76159879474902,50.76186638612876],[3.76800947286602,50.75745282651365],[3.770724163480875,50.754904753397405],[3.772192542820703,50.75313389387218],[3.775346274041794,50.74773066823267],[3.7809178730399973,50.7485284576823],[3.7868927799293712,50.74837375843844],[3.801160215753446,50.74997189490928],[3.8134961951619957,50.750332032333944],[3.81537661688438,50.75072512471448],[3.8173905559791237,50.74714276300037],[3.818958434327317,50.745945050256914],[3.820749774959727,50.745168089837364],[3.828966674987697,50.74287585181989],[3.8373841908947854,50.74253004100773],[3.8398748617317264,50.74300019593612],[3.851030226199588,50.74749932468116],[3.8570419516075747,50.74856494091318],[3.858530246773008,50.75030762559401],[3.8652062411107457,50.74906038853435],[3.8685381660954237,50.74890551805327],[3.871558401159285,50.749124837581306],[3.879165191272086,50.75050882798428],[3.881214500515206,50.75051272914639],[3.8834357404010196,50.75005868951957],[3.8861356688197732,50.7488627686002],[3.888132072493554,50.747331846433774],[3.895158719891499,50.74026906642882],[3.8970651151322184,50.73753227469322],[3.8967615395079442,50.73632348484841],[3.894948193290252,50.73408478902816],[3.895110935443092,50.73319881060161],[3.8957244693814133,50.73294609299534],[3.89535478499976,50.73181130592872],[3.8957718050200465,50.72923914245019],[3.8955981321174242,50.72785663795109],[3.894134416015909,50.72372020804192],[3.890282286280278,50.715287471123474],[3.8899351428886417,50.71355848837913],[3.890210864491424,50.711882559309345],[3.890975425423156,50.71099524419547],[3.8920353595628487,50.71051401473528],[3.9006604453923766,50.70944496598599],[3.904745021168124,50.70528500772381],[3.9091685708958672,50.701470592988116],[3.911090870429747,50.69936568845625],[3.911851946135926,50.69780150702233],[3.9116227094641602,50.6962008374192],[3.9096362775044633,50.69255251012262],[3.9104812931894863,50.69219591064316],[3.912254924952735,50.6921689742492],[3.9231327208237214,50.69363763353518],[3.926772080830673,50.6946244349603],[3.92880038397439,50.693804236345656],[3.931403570407539,50.691053373545266],[3.9333705654510087,50.69036353631991],[3.9392538259622407,50.689948660372764],[3.9489755871623253,50.69035696910029],[3.9568817953549784,50.689575783328294],[3.958865631875723,50.68980291548657],[3.9611555194329906,50.689235354151386],[3.968538965004037,50.689761063047015],[3.9773594323744406,50.68851571927975],[3.987429901899695,50.68798228334409],[3.989512184270689,50.688340283338995],[3.9917591877487646,50.689248511996],[3.998842584298429,50.69401266031192],[4.003229074924131,50.69642212431855],[4.009704179087282,50.69836362021312],[4.012046198277063,50.69802565679053],[4.015457678854345,50.69573213437487],[4.017590077084898,50.694870852883994],[4.023561153381842,50.69417016224746],[4.028228706428349,50.6941214807288],[4.033109996742571,50.695162232876996],[4.045366407783505,50.70040953334405],[4.04787426005448,50.70104207664264],[4.050130016972718,50.70117042654139],[4.053093661822183,50.700492819787826],[4.057453020487827,50.69666639358902],[4.058742044231324,50.69619792572482],[4.059396263970285,50.69633090353275],[4.060683522341791,50.697174454587866],[4.062599614889917,50.69924366790329],[4.072050169676312,50.71183705030721],[4.073344659299447,50.71137087432906],[4.0760809162680545,50.711317231340125],[4.085667018392653,50.71285390271472],[4.086980206794702,50.71042326928139],[4.0896871703476805,50.70813877660973],[4.091363247861502,50.70760187620723],[4.094439583189915,50.70738467054079],[4.099914138428492,50.70590384053306],[4.107445140177303,50.708169481293666],[4.1104887179549525,50.7080118401892],[4.111746941028976,50.706813192048145],[4.111325919749399,50.70597201836879],[4.105234445826755,50.70487314376795],[4.099987473843982,50.702924549666115],[4.096254213331626,50.70264887630513],[4.094898315433151,50.70212847416105],[4.093817737669238,50.70097680871225],[4.093843153153074,50.699723793083265],[4.094588422180152,50.697694181580076],[4.0980046878412955,50.693756003399685],[4.0984935555852,50.69154662492373],[4.097482165079417,50.68609590856719],[4.095785633496673,50.680626406103954],[4.095722292406004,50.67554704439396],[4.091756719115418,50.66898908453555],[4.092815579602177,50.66814409740519],[4.096602338901476,50.66689230380166],[4.097726326675131,50.666184362175194],[4.0991407091327146,50.66436036033808],[4.0996159297847585,50.662220091726496],[4.098838759301448,50.65743859497573],[4.097616600751237,50.65449619610441],[4.09678377394257,50.653529167502235],[4.095828818329153,50.65312115761208],[4.092862571985186,50.65412966709337],[4.092670251414037,50.652990846005814],[4.097452645341602,50.64699791455211],[4.100527047756975,50.63951140320374],[4.106555683142818,50.63388658365179],[4.108671991189265,50.633236573467194],[4.11696235008046,50.63370610118927],[4.126769083513113,50.630942932782496],[4.131582115438828,50.63010042965962],[4.134731471337696,50.630295473644466],[4.139540411671143,50.631510300796045],[4.1426893122035855,50.63295848993819],[4.144284793657209,50.63415180477262],[4.147531996812708,50.63869774547359],[4.149590662595035,50.64059531986712],[4.161099042998723,50.647903383748165],[4.169185742514044,50.65691938877182],[4.177340007911353,50.66335337188749],[4.182214759372045,50.66199961959286],[4.188132992664752,50.65881626785865],[4.194516620551235,50.65431703026161],[4.199455677805847,50.65204781758304],[4.201330940965865,50.65028268447164],[4.202632476410874,50.64835077724465],[4.203033352022492,50.646735280595394],[4.202581509425252,50.64389000683087],[4.2010371272137155,50.64021188500397],[4.199031598232148,50.636673136764216],[4.198493862973688,50.6348264075696],[4.200088817810146,50.62757240456217],[4.201057298763091,50.62624411014801],[4.202570361034009,50.62573560575078],[4.212458293275454,50.62446509625962],[4.228765728155933,50.624214370878406],[4.236133350117688,50.623025378522314],[4.240352875350657,50.622001141400496],[4.244824513970113,50.620336554144544],[4.253637706040858,50.61589039569931],[4.247472450890616,50.61265748673337],[4.24655243990021,50.61168720955451],[4.246951625478573,50.60963494563527],[4.250764633748393,50.601321884097786],[4.250447206959087,50.5999277523136],[4.247246729695464,50.59726696640638],[4.247116431467014,50.59614835161918],[4.248614995771371,50.596215641949385],[4.253438670244722,50.594009472153786],[4.259315485278811,50.59338482839069],[4.26488490523587,50.59361226158391],[4.272684940180144,50.59486057332041],[4.274097938405545,50.59464179067414],[4.276551262999751,50.59290487278389],[4.28119662700438,50.59038565371076],[4.286345481806163,50.585383322338345],[4.296487412989782,50.5783008334993],[4.297684754400236,50.57703098526163],[4.302694357372755,50.56922463897973],[4.305043787792629,50.56771227946369],[4.307799078804028,50.56740838375173],[4.317931895172145,50.567996355485725],[4.328812997737776,50.56931654415458],[4.331787730783995,50.56897340321696],[4.333881815369001,50.56809265263769],[4.334594162353129,50.56733116643697],[4.334867185237079,50.56620717887765],[4.332375801472954,50.56062656548237],[4.333213622044393,50.55626573305264],[4.33295046584013,50.55484027494785],[4.331576157183905,50.552764476015795],[4.3299402759924694,50.551113247328594],[4.325271661413614,50.54914884951161],[4.327644943942787,50.54686854106839],[4.332440877543974,50.54418155106758],[4.336448508490236,50.54407013428773],[4.340216373560776,50.545760505184276],[4.343433435610209,50.54869011975639],[4.344296850470628,50.551794002445085],[4.344980472683865,50.55274740105807],[4.350615947446178,50.55568387888993],[4.356518860212437,50.5574613723851],[4.357612318067878,50.558552484330654],[4.358211827331363,50.561144404964864],[4.359499822323631,50.561850585745084],[4.3693330290537125,50.56093897904151],[4.374840482942425,50.55989491901948],[4.376655156778504,50.55921368468855],[4.379215350979548,50.56085414945604],[4.380965716923375,50.56302208264757],[4.382468310993153,50.56398953336645],[4.400112763377514,50.56302693009022],[4.412450858141189,50.56423082481464],[4.415200597995509,50.56393259442014],[4.417263140613086,50.56325096902343],[4.421482328439516,50.56019245770195],[4.4234010584761405,50.559335816656855],[4.426950825574308,50.55920650299667],[4.436745243364703,50.56002208320258],[4.440949675473938,50.55979643500505],[4.444243504488327,50.558915454714786],[4.449569817137554,50.55589081577386],[4.4515901637175075,50.55536173161167],[4.456143311682345,50.55584130005185],[4.469661429639806,50.55885123080914],[4.472109257644883,50.555831741086834],[4.475474369283192,50.553649725759826],[4.476175832048612,50.55221822451356],[4.4753559519855335,50.5509646135573],[4.468731741522159,50.5474944137498],[4.46697749009005,50.54557074511195],[4.466419800849007,50.542778311960845],[4.466561249014758,50.53766877347359],[4.4648429401610805,50.53363400892895],[4.464649254242632,50.532339171538126],[4.465586906209471,50.53034089567852],[4.4673522289681555,50.52922170368234],[4.468710105757555,50.52961500964014],[4.473369137188511,50.53420798092884],[4.475487801557479,50.53532011011244],[4.47774281598055,50.53552932862337],[4.4837815846204165,50.53487885607676],[4.486762431309058,50.53547033724981],[4.4913249711047305,50.537244895926065],[4.501083675367996,50.53845539985022],[4.502673162670489,50.53795130530216],[4.503422030529516,50.53585336277602],[4.503565473393608,50.53147177501515],[4.502609135631016,50.52824372197939],[4.504479510137779,50.52828392277427],[4.511694274442006,50.52652915955375],[4.514956298141571,50.526408534690546],[4.521712962424197,50.52780012771154],[4.531736660279186,50.53129436487936],[4.543561931103699,50.53341318277315],[4.577530410935327,50.54228431948054],[4.580081238365284,50.53493680158864],[4.5802481873944325,50.532078195887415],[4.579636686369116,50.5297468757787],[4.577210374468067,50.52655296126565],[4.575789832087831,50.524012056943704],[4.574441024661488,50.522556257745045],[4.5722313284908,50.521225521288024],[4.567761280657517,50.51948477101468],[4.566150779798369,50.518216331507446],[4.565384519890141,50.51703770921586],[4.564338250148989,50.51374257220373],[4.558999740531906,50.50543755963066],[4.559698085845139,50.50117850035399],[4.562255200249041,50.49688653208345],[4.561245298173199,50.49369016269185],[4.561231349972548,50.49230556918165],[4.562388150745724,50.49097998578996],[4.564199053321201,50.49110826053778],[4.574956706309008,50.49697268308663],[4.5779424653808904,50.49812836834627],[4.579875577729055,50.498266823944256],[4.585658592114355,50.49713398090154],[4.5925176285815485,50.49819930500093],[4.592636764713157,50.49756576802251],[4.589652038013369,50.49508406954228],[4.588568689165349,50.4936780589889],[4.588998917509028,50.48922003256795],[4.5899132718685705,50.48746719941943],[4.592697269874338,50.483823707633476],[4.598051428853466,50.479711329736666],[4.599118064671635,50.477927073693586],[4.5994656138492935,50.47622441199593],[4.598758008077649,50.47360571626205],[4.596197269706406,50.46960899585477],[4.589235201066083,50.46277324971369],[4.587571822188524,50.458065417595044],[4.586387746065564,50.45654213732092],[4.5838871858255805,50.45518726610089],[4.577223449755977,50.45396250847063],[4.57567674313008,50.4532785705903],[4.576093998211726,50.45235465320541],[4.5796964644663865,50.44944826013425],[4.581703450577612,50.44729401358107],[4.582123200750527,50.445920237158],[4.581029554311702,50.4438024159135],[4.579737356851067,50.442735541340895],[4.578088606771756,50.44213727330642],[4.572806731135569,50.44177984969189],[4.577367099059155,50.438213632238195],[4.578528396766621,50.437975996296565],[4.580579118727593,50.43819070953405],[4.582234823491454,50.43753208309474],[4.583212363734049,50.43590024758578],[4.583085997051732,50.43295283538635],[4.584233489080811,50.432076160364375],[4.586325018503179,50.43161146572992],[4.589781397090941,50.431451717889615],[4.595828877016017,50.42876341881782],[4.601312666429884,50.427550411442226],[4.605433645256499,50.427389434073554],[4.61120183959844,50.42865323780476],[4.6131134722748,50.42864593240958],[4.615067074655326,50.42748836726871],[4.615769098286493,50.42581351303058],[4.615334635201498,50.42469750242493],[4.6119993293025745,50.421849785688806],[4.610534529030942,50.419616610462086],[4.607445812789039,50.408580606019875],[4.605681980792168,50.407915195786174],[4.603416462285202,50.40500134328976],[4.60227357545682,50.404089196649835],[4.596268486992669,50.4019283991028],[4.592462644923377,50.39959875655784],[4.586770199229128,50.39873679854017],[4.58566546322476,50.397752722981885],[4.58571231767895,50.397022557756834],[4.586466464861949,50.39597519641381],[4.5909253293600845,50.39267025979592],[4.595509913403306,50.39036890987326],[4.602809155393476,50.38761890686963],[4.604378844163066,50.38657934919914],[4.605157488588118,50.385245381506614],[4.604992796432166,50.38407151083095],[4.60391001661825,50.383058119342735],[4.595446092302623,50.38032465035674],[4.593783861561558,50.379423097971355],[4.593504340922836,50.378815183678924],[4.593840888269679,50.375223705595744],[4.593490213311514,50.374053964194246],[4.5940155153550934,50.372837423890786],[4.593839097563505,50.37204286314687],[4.5921245491097755,50.370184282005674],[4.5865277938352165,50.36671093493004],[4.584201619330676,50.36388218407669],[4.5831819354793595,50.3594122729504],[4.583035583532673,50.35799290884028],[4.583438200761303,50.35619314242429],[4.586539811103669,50.35207614893287],[4.587197140450991,50.350268583903556],[4.586662837367914,50.348549056679744],[4.5842419091157,50.34508359167313],[4.583981982385366,50.34357355879315],[4.584969304922101,50.34222963363287],[4.590403410276917,50.34026418576495],[4.591976039559656,50.33938039858462],[4.592576182008697,50.33864551705545],[4.593525205847239,50.33630577081288],[4.5940841157235415,50.332998501373346],[4.594119055648083,50.330754018700596],[4.593588877216889,50.327475634137095],[4.592428682582854,50.32541456977544],[4.588654439771123,50.32131074182091],[4.569455802732002,50.32266084039385],[4.565572507926557,50.32260360904591],[4.530445790270081,50.315794882002564],[4.517592598862924,50.31459943551417],[4.518118265783108,50.31068165554359],[4.517507276353906,50.306522892682274],[4.515849761232179,50.304597082273],[4.506673985997009,50.29655289376182],[4.50591401664599,50.295194204704984],[4.505919041175109,50.29379839447796],[4.507340713673097,50.291289662897896],[4.512124766459167,50.28799855295495],[4.5134676230531845,50.28573947963215],[4.51850352500645,50.28566223754312],[4.522094850961904,50.284803102286716],[4.523582705962625,50.286218727581954],[4.5246413083815025,50.286353190635644],[4.526266745656456,50.28598460005855],[4.527415440248542,50.28501545510867],[4.527585218825588,50.28371448153869],[4.5270622934179805,50.28214905085033],[4.523735520094183,50.27672320273535],[4.523626041684817,50.27205081046198],[4.524435564218932,50.27039884105302],[4.529742765244472,50.26567549044935],[4.532199947536361,50.262359824589154],[4.532905662973115,50.2601295381904],[4.533064105286532,50.25341521480448],[4.53396805252644,50.25121693568277],[4.536172230216268,50.24883681125402],[4.541900638713718,50.243961616005826],[4.543191751636633,50.24209191855501],[4.543585217264793,50.23929156542288],[4.54281538224369,50.232319445917085],[4.54303167279536,50.22872858097089],[4.542269057878914,50.226811172780394],[4.540829326338208,50.22565179710792],[4.550539390699872,50.2185284580411],[4.552567606496565,50.216223024037106],[4.554107660671669,50.21322088273959],[4.555494835677443,50.212074186408216],[4.556759073021416,50.21172726895054],[4.55945901391151,50.211837287733786],[4.567426703641229,50.213564354126504],[4.577925333526937,50.21443928184344],[4.5828252001612455,50.21584113483357],[4.584096251245013,50.21576794022316],[4.590412096259426,50.214011222596945],[4.596410864756627,50.213819402529005],[4.600472751878106,50.21430996618483],[4.608816320481432,50.21658894772222],[4.618749964212033,50.21746727716192],[4.621418078952127,50.21711018308835],[4.629103753614901,50.21500583911514],[4.635788345451534,50.2142401824007],[4.649276916191709,50.21517158102428],[4.655988868694401,50.216905692973704],[4.6587791275540775,50.21720186532351],[4.6609298892905935,50.216844290460834],[4.666664825724377,50.21490861641241],[4.67191491875083,50.214245041416945],[4.676440760329342,50.21251288012457],[4.681897184559266,50.211491642063706],[4.686190500156149,50.20982545670009],[4.687819012523179,50.209587404039816],[4.690110758536153,50.21019485364124],[4.692143354304583,50.21133527603616],[4.692879019906619,50.214435587169554],[4.694433020717583,50.21592724932285],[4.696719529967495,50.216597463956326],[4.699900414967372,50.21668347128182],[4.701714279524795,50.216275616741505],[4.702542587076793,50.21554441605694],[4.703438268464742,50.21312784979903],[4.7071607612552215,50.208645682343914],[4.708812878064681,50.20462421274638],[4.714418912740206,50.20073464645492],[4.714662181587414,50.19981857159625],[4.714127204534782,50.19768131863026],[4.71471903211875,50.197067479526005],[4.714793821700368,50.195986530348996],[4.712378413546641,50.192887036006304],[4.711896758197228,50.19085354020761],[4.712571048857158,50.18956469306893],[4.7162616814461,50.187597986381746],[4.717362949584299,50.185799532147556],[4.717308137032806,50.18372699510763],[4.715807499286751,50.17703252872792],[4.715827160451821,50.1745178837198],[4.7174464554913875,50.17120788240999],[4.721190169281361,50.16648984957134],[4.723216355375345,50.16483175486198],[4.727160924507305,50.162797130523806],[4.728736004799196,50.16121702442116],[4.72934639748617,50.15929668819241],[4.72923843410791,50.15716443521934],[4.728222848129958,50.155254417255804],[4.726821092324125,50.15421741886464],[4.723541879187583,50.15282236369491],[4.717703597903672,50.151242531789634],[4.7035577496544265,50.149734725812664],[4.693915948912227,50.14618477629714],[4.6920529627455085,50.14581001998921],[4.690261931230325,50.1459962998244],[4.687661850969065,50.14704356200848],[4.677646087546483,50.15298108245471],[4.669104428070546,50.156482158999324],[4.666689606665479,50.15706281558768],[4.6628346728970875,50.15676003706391],[4.649228709843226,50.153048355152045],[4.645922705036205,50.1528128827942],[4.638688451911433,50.1530711560922],[4.623989871664222,50.151369545769136],[4.615212430657646,50.148769275787345],[4.606472750073432,50.14487396021815],[4.607255486673735,50.14314021896225],[4.606861997794209,50.14069104749381],[4.604139285906622,50.13512597372251],[4.602110185246543,50.13266468448183],[4.598830020667925,50.13068360055945],[4.586213098031012,50.12581414197818],[4.584805994025548,50.12487320856643],[4.584352103464451,50.12385402675083],[4.586414578080368,50.11897468788004],[4.592015515100636,50.108335339441],[4.594381958010702,50.107453418728106],[4.606299682846319,50.10694672491567],[4.608567363430878,50.1066010167488],[4.610322654252159,50.10591782397053],[4.6134945995972565,50.10415774772456],[4.615505747498799,50.10243938632485],[4.617701539139203,50.09965471060699],[4.620206562717928,50.0951020084083],[4.621315813861306,50.09395104232548],[4.622923940705533,50.09325196476251],[4.625698670177647,50.09369803835906],[4.631531764391255,50.0963112495707],[4.637070504992759,50.098095640660326],[4.640660059175169,50.10151350138639],[4.645559243464632,50.104674562494466],[4.648089175445913,50.10586836232257],[4.664469659838822,50.10898257667713],[4.676795904152795,50.11267282405373],[4.679365396312214,50.11280390703664],[4.691382217921037,50.111188746029526],[4.7003503936737285,50.111101963317665],[4.708249457692828,50.11022042094819],[4.716653680732373,50.110653999275705],[4.718270143470969,50.11025532759445],[4.719190175486584,50.10951137621684],[4.720082394107577,50.10786953558015],[4.720689972615211,50.105191923292246],[4.720615032426043,50.103162815273514],[4.72000469217109,50.1018891491374],[4.712950915667915,50.0981906067204],[4.704723404896808,50.09590709814528],[4.701396400177486,50.093908728124],[4.691658285389343,50.08263468703155],[4.689379897554206,50.078635038938764],[4.6866633544528,50.07204416112987],[4.68509363779107,50.07043793745009],[4.682178259485468,50.06834558538864],[4.68132220083861,50.067149252690406],[4.681370504912886,50.06617518955632],[4.6819093115262325,50.06517153576858],[4.686755490250426,50.05895856256822],[4.689565787925271,50.057966424948965],[4.695997366118549,50.057703700523085],[4.69746812954451,50.05629993578726],[4.698882835579945,50.0534060505025],[4.698644130205123,50.05167365947416],[4.696496286511737,50.04749496598617],[4.695578063987123,50.04236913025844],[4.686603568963661,50.02746843562467],[4.686252852530781,50.02637789792364],[4.686474669603639,50.01610827003477],[4.687185045161574,50.01128314551012],[4.686319027278631,50.00799809589185],[4.6863066783487115,50.00655518603618],[4.687966165811411,50.001886841465634],[4.691811767565914,49.9975456357855],[4.692036971295837,49.996682788922826],[4.69124390565253,49.996099379648115],[4.688724053676637,49.99581902241539],[4.66940840753515,49.99645312902128],[4.6669371298123865,49.995972205973125],[4.662057783017249,49.99430715128321],[4.641130139416087,49.98987058280898],[4.637232276708865,49.98933867029545],[4.63518646450944,49.98822501125951],[4.633307236632967,49.987691433294955],[4.628531564020515,49.98739298577842],[4.62232763462774,49.986435623854845],[4.607663682663922,49.98567041753997],[4.60014673551108,49.98621542442688],[4.598062697046379,49.986073936036185],[4.583314129526829,49.98336995755951],[4.580010942817025,49.982344517886105],[4.576311450838818,49.980539620962965],[4.574917182269074,49.979427766024614],[4.572445053999459,49.97604263005743],[4.570757087824074,49.97444609530897],[4.56739107917772,49.97228987629185],[4.563944678824926,49.970717205653756],[4.554893141914685,49.96898900800947],[4.550743624992082,49.96865710837197],[4.543420532839614,49.96878887266557],[4.541035952567759,49.96811589259474],[4.532942533152805,49.96222460887258],[4.524513747964876,49.95275223501019],[4.522604953179253,49.95136199337809],[4.5178177708404075,49.950331601634225],[4.511774390776365,49.94783396642418],[4.509907287334294,49.947432247737346],[4.4961555903884545,49.94803296172685],[4.486357675353381,49.94697714903119],[4.479264268652108,49.94706580216502],[4.473332030419092,49.945639049898055],[4.453753909982588,49.939580763531715],[4.447675854880001,49.93832043219981],[4.44502400637363,49.9384603045743],[4.439475566941623,49.9403716675873],[4.433241098211892,49.94166755735392],[4.417574341359797,49.946791922138644],[4.404120699512533,49.94872886892095],[4.391465041915616,49.9485940251816],[4.380904077564597,49.95257642314107],[4.3702633401308235,49.95197731222975],[4.351716773051779,49.95288041429392],[4.348326134415721,49.95420602499051],[4.3390505045029855,49.9607824683965],[4.335509123595686,49.96256118635904],[4.322382729625062,49.963963120486035],[4.317877694907673,49.96510431301715],[4.309021719359583,49.96846930760544],[4.30712088128451,49.96865071125642]]],[[[3.0187276142542037,50.77378218727712],[3.0166922726944683,50.77346407625778],[3.0128166668565948,50.770046679177646],[3.0080823834360855,50.767391658859346],[2.9937294220252766,50.76061628823694],[2.982293062344313,50.75642211576559],[2.9767541743003614,50.75272331080573],[2.9734181535130464,50.751113181342745],[2.9703334514308284,50.75037382013304],[2.9675921764760234,50.75029767123542],[2.9642860630118797,50.75087887693757],[2.959969804364438,50.75261947280799],[2.955273503569721,50.75285544021431],[2.950755784168296,50.75141466363035],[2.9400246881063814,50.745266645323234],[2.9383145930365084,50.74337602400423],[2.9381246408527755,50.74097509210472],[2.939082351322791,50.73888961018841],[2.9425222434102976,50.734702463304515],[2.9429940039572346,50.73354855670761],[2.942900929354041,50.732544894701796],[2.940915075556718,50.73103047122873],[2.9356054523473354,50.72946181027955],[2.9331239282005463,50.7283595487364],[2.9306198517991953,50.72587826425764],[2.929792380523388,50.72315281225958],[2.9306584807110503,50.7187265064015],[2.930542556739985,50.715701326727526],[2.9296890172574788,50.71173830046192],[2.928770291990554,50.7098893316121],[2.924742650460529,50.705619309360095],[2.922615102940208,50.704208244435044],[2.9200478577683913,50.703638984097964],[2.9138448968527086,50.70336013545539],[2.9112506211477625,50.702491983019314],[2.910074846430005,50.700800740127285],[2.9095683580077147,50.69509545953285],[2.908575345210755,50.69399878863746],[2.9064503300798363,50.69316606689224],[2.901925529403924,50.69337558883333],[2.898628964965025,50.694687448388635],[2.8897569863271912,50.702911372729695],[2.886714959655123,50.70475968428114],[2.8841024215038797,50.70510075886119],[2.8783650072043074,50.70400597732966],[2.871923387201495,50.70434595162533],[2.8685057601172486,50.70505690784785],[2.865224340980568,50.706841102597295],[2.8631898005053795,50.70827924104832],[2.8654990123610773,50.70982012569977],[2.866890211450693,50.71123660190914],[2.8673451306531055,50.71248300679418],[2.8667898274026116,50.713840542041034],[2.8603493925918357,50.720135476885524],[2.853258252382292,50.7245526309029],[2.847726544861042,50.72943394441656],[2.845196963111735,50.73210465178978],[2.8441092109941546,50.734285681312095],[2.8441807974862976,50.73533941746006],[2.8446568619130956,50.73609159397485],[2.8501078097199892,50.740400845578755],[2.8505902906289164,50.74155541457632],[2.8501541387885547,50.742918916834014],[2.8491643592438467,50.74436956125728],[2.8454754796346835,50.748193059625585],[2.8442421920590086,50.750002560181535],[2.8443318607624977,50.751437909313026],[2.8463352211491895,50.752918650342124],[2.857033220712336,50.75739914852131],[2.8694850521508912,50.75992333214912],[2.8701334277677804,50.75634870932387],[2.8710475912039684,50.7549130790993],[2.874123075164037,50.75434955949307],[2.8773572867212645,50.75451867316662],[2.8782967563071162,50.7553066468732],[2.878282237773155,50.757059590897825],[2.8760927033619406,50.761197296803644],[2.878631113773098,50.761592938634145],[2.886989484535585,50.754801138681096],[2.8890555779996747,50.75393176047318],[2.8926413201033467,50.75330481900969],[2.8977153597177017,50.75337534876566],[2.9132506897466532,50.75560731922196],[2.9188492431503543,50.756950545786104],[2.9201696995420034,50.75772199088207],[2.9205115501090977,50.75847198728043],[2.9187437342290274,50.7621522965236],[2.9185438754394935,50.76384895852319],[2.944210966172568,50.77155231525828],[2.9565924916778235,50.773491513690146],[2.9583183596212534,50.77415435056451],[2.959252057291507,50.77527233223867],[2.959732365811409,50.776831700577176],[2.959651384511696,50.77850936758394],[2.95870209134686,50.78044455213175],[2.9571264653578115,50.782181768368694],[2.9495908050062853,50.788388541075605],[2.946508755878206,50.79042029861171],[2.9440440830223307,50.791525536705315],[2.9372273627466567,50.793666740925744],[2.9477610801567766,50.794882534494754],[2.9528729301092698,50.797039166072146],[2.9590687374736944,50.797710852458714],[2.961066165751661,50.79845461764723],[2.964179059169352,50.80073302901381],[2.9660319356347924,50.8015956425056],[2.968927410331827,50.802327926784905],[2.9810866143562555,50.804079818249406],[2.9907887280411893,50.806876519468595],[2.9990486193200647,50.810460277623605],[3.008950924552729,50.8079141391484],[3.0106975728275263,50.80710704879478],[3.012218254150143,50.80585637694893],[3.013113494453848,50.80444337455267],[3.013251081991802,50.80300646603093],[3.0103271868790733,50.798522109155286],[3.0097921703234487,50.79604454365081],[3.010305207501827,50.79410499302056],[3.0128508457489445,50.78988230954887],[3.013312312704096,50.78666111568421],[3.0138915402363144,50.785110660863545],[3.015713587917948,50.783729181367356],[3.023610545745714,50.78158085435468],[3.027474687489913,50.779671461038916],[3.0275738911175516,50.77905937692218],[3.0270141283929455,50.77842614534885],[3.0187276142542037,50.77378218727712]]]]}},{"type":"Feature","properties":{"terr_code":"T01"},"geometry":{"type":"Polygon","coordinates":[[[4.991035507123272,50.01609163413538],[4.993879361565184,50.015142516049025],[4.995609529452177,50.01367795183793],[4.996103786485802,50.011829594574024],[4.99576946605997,50.0082215566276],[4.996492300945067,50.00688945152202],[5.004910473667306,50.00069567622674],[5.0105626881660275,49.99712332781557],[5.011537154006433,49.996140080159385],[5.01190124175111,49.99455954585354],[5.011624909482186,49.99331003943354],[5.008059070870001,49.98899616837555],[5.00748733615113,49.986380176252254],[5.00765154077371,49.984376357018924],[5.008188114351042,49.98295495021271],[5.009229454766328,49.981786438515535],[5.010804770969365,49.98080364042956],[5.0153403570056785,49.97924637229456],[5.019573733553353,49.978265827884265],[5.026639306645476,49.97808975689295],[5.030291659976808,49.97861191194645],[5.0415685656269105,49.98156494402572],[5.043776084841566,49.98252757060748],[5.047009119243964,49.984783632636166],[5.049091882761217,49.98557052214339],[5.050857484064419,49.98554537386528],[5.054735831706468,49.984430869466244],[5.060057506749649,49.98377656598337],[5.063132724174554,49.98260201455988],[5.064819937715228,49.98141077007324],[5.066077704588538,49.977045905337434],[5.067125609755112,49.975101037758314],[5.0689407722716675,49.97325073292178],[5.07251308778791,49.97093513227508],[5.079682882495368,49.967402042498236],[5.091966118174734,49.96261374502032],[5.0954262535394355,49.96179695633674],[5.099910768061804,49.96167014245303],[5.100850603223947,49.9600396494332],[5.101078867516425,49.955769483570116],[5.102136172129235,49.949408168468096],[5.10163008488047,49.94673350574798],[5.099534654809317,49.94280959201104],[5.098951418391219,49.94092025452131],[5.098746605523915,49.93820360633496],[5.099312638221429,49.93609272372073],[5.101024969426984,49.93355672105075],[5.104187854428148,49.930581348415856],[5.111623701450472,49.925423425910715],[5.117211375512104,49.92302660424144],[5.117610641037225,49.92218103725522],[5.116124453401942,49.92123414807213],[5.113440428938052,49.92063065783515],[5.100284501806985,49.920208173729506],[5.095741242375355,49.919533577430705],[5.090908896864488,49.91805020984182],[5.082736536117277,49.91398492153418],[5.074415139402635,49.91243530718328],[5.072429274068317,49.91168357328276],[5.067261246239428,49.907185290216056],[5.066228464824541,49.905764413075694],[5.0644954222255345,49.90186044553963],[5.062513445272264,49.900068348654116],[5.060034698932247,49.89879647280507],[5.057339982796459,49.89804500366224],[5.048153738063014,49.89732791168132],[5.046820984486034,49.89639100675726],[5.045145152217613,49.89402566106571],[5.0448001893063585,49.89282620221834],[5.045050249574454,49.89212537847154],[5.049225110458688,49.88884993342335],[5.0521773712918945,49.88783512921914],[5.058751546415774,49.886630657941716],[5.060254366692801,49.88604318292065],[5.060399625319171,49.88526583696195],[5.0588041834388555,49.8836381385191],[5.0557060792748,49.88182647300771],[5.047827312667,49.87881065125342],[5.0431128427931595,49.87619583569321],[5.0366520432452395,49.873441556439126],[5.033746264392789,49.87311401469401],[5.026166978492976,49.87314744109521],[5.023478966541569,49.87271970309301],[5.023016197611239,49.87229624982852],[5.023140942615158,49.871763163917485],[5.025101701937023,49.86998365046254],[5.025690970012778,49.86794406708799],[5.02481937521299,49.86554510028701],[5.023000468755791,49.86401103675933],[5.012456421651043,49.858661824209975],[5.000374546904551,49.856389536233934],[4.990569343214235,49.8519926196637],[4.985794338842303,49.8456738088989],[4.983048240046055,49.843498743518516],[4.981395196758901,49.84284400048822],[4.982933969589197,49.8408732436279],[4.98379375587377,49.83873566074823],[4.983540618656525,49.832481403972665],[4.984143125424072,49.82897487356103],[4.985364062838223,49.82676016396947],[4.98835427366301,49.8239265380024],[4.988296931821288,49.82304177691702],[4.986428922407784,49.8214163813254],[4.9811611592094005,49.820304473374605],[4.979437882128702,49.819579940788394],[4.978850753386036,49.81881841077407],[4.979096336992457,49.817301418856395],[4.9786594182962345,49.81624744580466],[4.971708436992516,49.811644666184336],[4.970481799047549,49.80960017289518],[4.969887608242505,49.80507563528137],[4.96877147525199,49.80141533091773],[4.967885420049367,49.8002594203077],[4.966839472807469,49.799616575258476],[4.9632013660657845,49.7990588115187],[4.956340509157056,49.80078426696469],[4.953658157266561,49.800519403440106],[4.9510703840654235,49.79972347958514],[4.9487560149495815,49.79845949002145],[4.945423773923813,49.79389759704623],[4.943458682589897,49.792286750558404],[4.939763715467244,49.79215519362446],[4.937407387926331,49.79168401805356],[4.9302903082970655,49.78807444638247],[4.927369097994448,49.78773389347603],[4.920526415895223,49.78792105121982],[4.907566462749639,49.78596604402613],[4.902718653477984,49.78635527563257],[4.897133064096797,49.78812961075065],[4.888095675583837,49.789132374306476],[4.879918534941975,49.79236991891034],[4.8768673598369405,49.793046334395775],[4.8724536574099195,49.79284768654856],[4.871192274351873,49.79215890370441],[4.869085175033459,49.79000146879001],[4.865068567459945,49.7893037681047],[4.860163329529049,49.78995519471578],[4.854899089067538,49.792261632202376],[4.85407647098835,49.79307956239517],[4.854221839044653,49.793749692406195],[4.857996288462649,49.797096104033486],[4.862266338168253,49.80272270079701],[4.864018531424388,49.80571317293765],[4.865914523438211,49.81126194038761],[4.866832278114975,49.81281794340617],[4.869128420478019,49.8146172141199],[4.873864762154101,49.81704105577341],[4.874654169672058,49.81777762414062],[4.874985770295415,49.81889765045701],[4.874408552090958,49.820117806147884],[4.870429817946402,49.82337977687476],[4.869542297891428,49.82504465172813],[4.86765315704679,49.83290465272245],[4.867739261640095,49.83360098455347],[4.868489940275384,49.83422553392637],[4.868420450530755,49.83606520985787],[4.86713203339384,49.839650829061284],[4.865065363708125,49.84103545027241],[4.859416032702235,49.842028330304906],[4.857941262463998,49.842747451947446],[4.85613706980367,49.846886617849286],[4.85297304735932,49.85161451269774],[4.851986612600636,49.854474104495544],[4.850846598051116,49.862419146987264],[4.8493389158705895,49.866588393700646],[4.855742007045371,49.8653236579131],[4.85875997839077,49.8657679764779],[4.860966081910323,49.86702064378746],[4.861682047953357,49.868095590032205],[4.862637246051809,49.87203191090671],[4.864258543836903,49.87494903094717],[4.866612295261024,49.87748365366125],[4.8701144545646615,49.880047279299355],[4.870759495991539,49.884216570945775],[4.873018517778975,49.8879854524137],[4.878731960940654,49.894000812363856],[4.884301083183077,49.89707473552926],[4.885841843806166,49.89858180454192],[4.885956192845176,49.899454011843055],[4.885175554925116,49.9005521239438],[4.883489027143392,49.90129510310165],[4.878866342474893,49.90224825984264],[4.878407610916777,49.902730873923],[4.8785953005990805,49.90357457154472],[4.880135758979347,49.904743811204405],[4.884953026927824,49.906030811756644],[4.886826995421678,49.90689317870588],[4.887988584424303,49.90814697596486],[4.888122091261941,49.909618552682346],[4.887277496595772,49.91095735025198],[4.882412952777913,49.91600560198348],[4.880128842014202,49.921326883561875],[4.878335537496839,49.923305486044846],[4.873071197133498,49.92608543193271],[4.861318964499111,49.9310041021021],[4.85787940764532,49.93343505100402],[4.855087197341964,49.93704796083771],[4.850351110290981,49.945336735942476],[4.847478723817957,49.94803399706116],[4.844472794375098,49.949299115794425],[4.840464312146805,49.95008887334519],[4.832376950055845,49.94973445489471],[4.829843129369414,49.94995465077642],[4.814887419238614,49.95361464210948],[4.805619538908787,49.95515038709396],[4.792645546921254,49.95880778763568],[4.791158820817055,49.9598435829113],[4.790629365737964,49.96754403717185],[4.791403336018783,49.97037088791889],[4.794348539815157,49.97602054363991],[4.794441790381211,49.98033115085587],[4.795136934880042,49.98163813205437],[4.797211869481246,49.98245785023978],[4.804103503628617,49.98342536994511],[4.806795553705895,49.98451472597877],[4.8133723254746075,49.98940523015896],[4.817411780626623,49.99379175254476],[4.8178894142476025,49.99560134624451],[4.816907703561148,49.99939908293236],[4.81695015504913,50.001879604572636],[4.820071495800712,50.01105982155477],[4.818649707485131,50.015286748947005],[4.818610163192182,50.01725190795504],[4.819190479756535,50.01939406716234],[4.820858836097347,50.02228519165828],[4.820990101475101,50.02496668065888],[4.821448490435474,50.026043925747814],[4.83077445501591,50.033288556924965],[4.838656251216918,50.03712072366604],[4.8404687609184585,50.03877195682773],[4.841122749006717,50.039958900604184],[4.841374787733089,50.04341694940419],[4.840987976811443,50.04494716558123],[4.840299023042302,50.045906429784104],[4.83788803764252,50.04685158032027],[4.831650891195947,50.047286042736516],[4.8294119775732245,50.04832368259892],[4.8278280243554965,50.04982982131715],[4.827124765123295,50.051067769026446],[4.827189112361942,50.05267133481465],[4.8295753846520135,50.056815174667825],[4.827665108040485,50.05800142870137],[4.822272463892414,50.06004294819502],[4.821090178265271,50.060825076823804],[4.820426873368348,50.0623564847841],[4.821097359883889,50.0653185313961],[4.8223488116158,50.06621649101268],[4.824238140450441,50.0667186515604],[4.835421980128984,50.067795228803234],[4.837376292023478,50.06860683709304],[4.839267613875666,50.07041403576382],[4.840382281779593,50.07210212303758],[4.84145199454559,50.07478667975921],[4.84224804278439,50.081927496684756],[4.845148208547139,50.08484563561385],[4.8447315214711555,50.08641492358205],[4.840409240975838,50.09256696806883],[4.840229135524133,50.09365447629762],[4.8414886999973366,50.094969470407655],[4.846948085244261,50.097829891429846],[4.85034214847721,50.100461111429105],[4.853469325839714,50.10084898734906],[4.857777334388573,50.0996850343124],[4.8602492628769305,50.09768242073099],[4.861792570979214,50.09345057465972],[4.864072134973757,50.09139635500657],[4.867176194444153,50.089628308368034],[4.869124324074948,50.089000216965985],[4.8712141062265255,50.08898422433152],[4.872491548762301,50.089691152026546],[4.873937875308503,50.091959810118595],[4.874081739293948,50.09394219720435],[4.873178841960255,50.0949928194143],[4.869858804848767,50.09678369590398],[4.869164627697505,50.09800871132059],[4.8723841340983505,50.106726618615525],[4.8724708828713945,50.10921661028316],[4.87165595120721,50.111556447459215],[4.868415936762047,50.11772797702219],[4.868279110017578,50.119233165735665],[4.868667569986539,50.12047547732584],[4.871604986024648,50.12435709841853],[4.876968535069074,50.127710030892906],[4.87939309004696,50.13029517335004],[4.880913548983914,50.130875987070226],[4.885753160592932,50.13138498977373],[4.889644083096212,50.13279000717936],[4.894453382346962,50.13535904828874],[4.895286969040228,50.136401867471236],[4.895562644006663,50.13772582643311],[4.89494971062559,50.13874200499276],[4.8936602509181215,50.13951139512199],[4.885953022099571,50.140799385379836],[4.88300131089127,50.14196254773927],[4.880309903610642,50.14647862338641],[4.878200042278401,50.15338480244113],[4.877866292011451,50.153550073662906],[4.875506521928287,50.15397031026532],[4.862668128009649,50.15278674626994],[4.853142288407269,50.15256746962566],[4.845074615556675,50.15327384293059],[4.836322555799602,50.15349313272857],[4.833168468512592,50.154067279454715],[4.827534604839581,50.158356806604814],[4.825352551862638,50.160645938033625],[4.824315110526064,50.16280928799312],[4.823811750835557,50.16733307592317],[4.823389734926014,50.16773109876598],[4.8196803205543945,50.16502278824102],[4.8090318835997365,50.15517618188159],[4.804275460562519,50.15183460966937],[4.785006594255835,50.14365960354065],[4.76937670471099,50.138995707272095],[4.764147747101991,50.13645006003564],[4.763046885068779,50.13517184843228],[4.759608417106416,50.128560689000956],[4.75717491789787,50.124996142301164],[4.75519548261855,50.123378918231765],[4.7508298725967855,50.121855022556296],[4.750250449770042,50.12132437554347],[4.750405890537273,50.120084614028826],[4.751804403297267,50.11752090604261],[4.752291483013887,50.11556546124974],[4.751777139940705,50.113670863970334],[4.750043245560421,50.11185974187288],[4.744641589788338,50.10957182119174],[4.7197935989056745,50.10176903131575],[4.720392079988487,50.10251375068619],[4.720723820632712,50.10389892708345],[4.720337931099093,50.107053968153245],[4.719190175486584,50.10951137621684],[4.717452660935305,50.11053727203696],[4.708249457692828,50.11022042094819],[4.7003503936737285,50.111101963317665],[4.690247257238542,50.11128137174589],[4.677713132804554,50.11279905570988],[4.6632376311329775,50.10869055030806],[4.648089175445913,50.10586836232257],[4.645559243464632,50.104674562494466],[4.640660059175169,50.10151350138639],[4.637070504992759,50.098095640660326],[4.631531764391255,50.0963112495707],[4.625698670177647,50.09369803835906],[4.622923940705533,50.09325196476251],[4.621315813861306,50.09395104232548],[4.620206562717928,50.0951020084083],[4.617701539139203,50.09965471060699],[4.615505747498799,50.10243938632485],[4.6134945995972565,50.10415774772456],[4.610322654252159,50.10591782397053],[4.608567363430878,50.1066010167488],[4.606299682846319,50.10694672491567],[4.594381958010702,50.107453418728106],[4.592762425167471,50.1078944584151],[4.5916214908311455,50.10872058969158],[4.585284378041349,50.12130485536202],[4.584449408533956,50.12331450796577],[4.584435097719209,50.12435426112931],[4.585420255129643,50.12535656491687],[4.5871352925765265,50.12625328097213],[4.597869547640341,50.13027119511244],[4.601662785990922,50.132268562916884],[4.604139285906622,50.13512597372251],[4.606861997794209,50.14069104749381],[4.607255486673735,50.14314021896225],[4.606472750073432,50.14487396021815],[4.615212430657646,50.148769275787345],[4.6206877295720155,50.15058272883175],[4.626132887038759,50.15174591646559],[4.638688451911433,50.1530711560922],[4.645922705036205,50.1528128827942],[4.649228709843226,50.153048355152045],[4.6549840715208886,50.15439196934413],[4.662109922059038,50.15659320008043],[4.666347085267751,50.15708124153886],[4.669104428070546,50.156482158999324],[4.67859570517966,50.1525512651538],[4.688695324812188,50.14654528374533],[4.6905471101919645,50.14593395882005],[4.69254300185295,50.14584590736984],[4.7035577496544265,50.149734725812664],[4.707262655141304,50.15034847731764],[4.716360171996063,50.15100332485844],[4.723541879187583,50.15282236369491],[4.726163043847664,50.15386772748671],[4.728222848129958,50.155254417255804],[4.729024651536363,50.1564968849183],[4.72939442655833,50.15852078223846],[4.729190774332666,50.16009169217677],[4.728486636548393,50.16160796300847],[4.727160924507305,50.162797130523806],[4.721846737926228,50.16582748592108],[4.718428034657693,50.16983868523388],[4.716298163916399,50.17317404005712],[4.715721748006777,50.17618530243171],[4.717308137032806,50.18372699510763],[4.717362949584299,50.185799532147556],[4.7162616814461,50.187597986381746],[4.712571048857158,50.18956469306893],[4.711896758197228,50.19085354020761],[4.712378413546641,50.192887036006304],[4.714793821700368,50.195986530348996],[4.71471903211875,50.197067479526005],[4.714127204534782,50.19768131863026],[4.714566895105786,50.20044929316009],[4.713573766575459,50.20153582365949],[4.708812878064681,50.20462421274638],[4.7071607612552215,50.208645682343914],[4.703438268464742,50.21312784979903],[4.702542587076793,50.21554441605694],[4.70145465279524,50.216386311036906],[4.697538151929147,50.21667140606808],[4.694433020717583,50.21592724932285],[4.692879019906619,50.214435587169554],[4.692143354304583,50.21133527603616],[4.690110758536153,50.21019485364124],[4.687819012523179,50.209587404039816],[4.686190500156149,50.20982545670009],[4.681897184559266,50.211491642063706],[4.676440760329342,50.21251288012457],[4.67191491875083,50.214245041416945],[4.666664825724377,50.21490861641241],[4.6609298892905935,50.216844290460834],[4.6587791275540775,50.21720186532351],[4.655988868694401,50.216905692973704],[4.649276916191709,50.21517158102428],[4.635788345451534,50.2142401824007],[4.629103753614901,50.21500583911514],[4.620635724139954,50.21727238217718],[4.616761220417492,50.217457407096646],[4.608119546929638,50.21647058514003],[4.60125447056337,50.21448979775613],[4.597497664021313,50.21389150149384],[4.590412096259426,50.214011222596945],[4.584096251245013,50.21576794022316],[4.5828252001612455,50.21584113483357],[4.577925333526937,50.21443928184344],[4.567426703641229,50.213564354126504],[4.55945901391151,50.211837287733786],[4.556759073021416,50.21172726895054],[4.554945145464033,50.212403059294076],[4.553917602034255,50.21348897876078],[4.552235395917945,50.21670749370684],[4.550539390699872,50.2185284580411],[4.540829326338208,50.22565179710792],[4.542269057878914,50.226811172780394],[4.54303167279536,50.22872858097089],[4.54281538224369,50.232319445917085],[4.543585217264793,50.23929156542288],[4.543191751636633,50.24209191855501],[4.541900638713718,50.243961616005826],[4.536172230216268,50.24883681125402],[4.53396805252644,50.25121693568277],[4.533064105286532,50.25341521480448],[4.532905662973115,50.2601295381904],[4.532199947536361,50.262359824589154],[4.529742765244472,50.26567549044935],[4.524435564218932,50.27039884105302],[4.523626041684817,50.27205081046198],[4.523735520094183,50.27672320273535],[4.5270622934179805,50.28214905085033],[4.527585218825588,50.28371448153869],[4.527415440248542,50.28501545510867],[4.526266745656456,50.28598460005855],[4.5246413083815025,50.286353190635644],[4.523582705962625,50.286218727581954],[4.522094850961904,50.284803102286716],[4.51850352500645,50.28566223754312],[4.5134676230531845,50.28573947963215],[4.512124766459167,50.28799855295495],[4.5077503934350345,50.29089704241729],[4.506094792630504,50.2931948800959],[4.505857867303309,50.294872577317],[4.506673985997009,50.29655289376182],[4.515849761232179,50.304597082273],[4.517507276353906,50.306522892682274],[4.518118265783108,50.31068165554359],[4.517592598862924,50.31459943551417],[4.530445790270081,50.315794882002564],[4.565572507926557,50.32260360904591],[4.569455802732002,50.32266084039385],[4.588654439771123,50.32131074182091],[4.592428682582854,50.32541456977544],[4.593588877216889,50.327475634137095],[4.594119055648083,50.330754018700596],[4.5940841157235415,50.332998501373346],[4.593525205847239,50.33630577081288],[4.592576182008697,50.33864551705545],[4.591976039559656,50.33938039858462],[4.590403410276917,50.34026418576495],[4.584969304922101,50.34222963363287],[4.583981982385366,50.34357355879315],[4.5842419091157,50.34508359167313],[4.586662837367914,50.348549056679744],[4.587197140450991,50.350268583903556],[4.586539811103669,50.35207614893287],[4.583438200761303,50.35619314242429],[4.583035583532673,50.35799290884028],[4.5831819354793595,50.3594122729504],[4.584201619330676,50.36388218407669],[4.5865277938352165,50.36671093493004],[4.5921245491097755,50.370184282005674],[4.593839097563505,50.37204286314687],[4.5940155153550934,50.372837423890786],[4.593490213311514,50.374053964194246],[4.593840888269679,50.375223705595744],[4.593504340922836,50.378815183678924],[4.593783861561558,50.379423097971355],[4.595446092302623,50.38032465035674],[4.60391001661825,50.383058119342735],[4.604992796432166,50.38407151083095],[4.605157488588118,50.385245381506614],[4.604378844163066,50.38657934919914],[4.602809155393476,50.38761890686963],[4.595509913403306,50.39036890987326],[4.5909253293600845,50.39267025979592],[4.586466464861949,50.39597519641381],[4.58571231767895,50.397022557756834],[4.58566546322476,50.397752722981885],[4.586770199229128,50.39873679854017],[4.592462644923377,50.39959875655784],[4.596268486992669,50.4019283991028],[4.60227357545682,50.404089196649835],[4.603416462285202,50.40500134328976],[4.605681980792168,50.407915195786174],[4.607445812789039,50.408580606019875],[4.610534529030942,50.419616610462086],[4.6119993293025745,50.421849785688806],[4.615334635201498,50.42469750242493],[4.615769098286493,50.42581351303058],[4.615067074655326,50.42748836726871],[4.6131134722748,50.42864593240958],[4.61120183959844,50.42865323780476],[4.605433645256499,50.427389434073554],[4.601312666429884,50.427550411442226],[4.595828877016017,50.42876341881782],[4.589781397090941,50.431451717889615],[4.586325018503179,50.43161146572992],[4.584233489080811,50.432076160364375],[4.583085997051732,50.43295283538635],[4.583212363734049,50.43590024758578],[4.582234823491454,50.43753208309474],[4.580579118727593,50.43819070953405],[4.578528396766621,50.437975996296565],[4.577367099059155,50.438213632238195],[4.572806731135569,50.44177984969189],[4.578088606771756,50.44213727330642],[4.579737356851067,50.442735541340895],[4.581029554311702,50.4438024159135],[4.582123200750527,50.445920237158],[4.581703450577612,50.44729401358107],[4.5796964644663865,50.44944826013425],[4.576093998211726,50.45235465320541],[4.57567674313008,50.4532785705903],[4.577223449755977,50.45396250847063],[4.5838871858255805,50.45518726610089],[4.586387746065564,50.45654213732092],[4.587571822188524,50.458065417595044],[4.589235201066083,50.46277324971369],[4.596197269706406,50.46960899585477],[4.598758008077649,50.47360571626205],[4.5994656138492935,50.47622441199593],[4.599118064671635,50.477927073693586],[4.598051428853466,50.479711329736666],[4.592697269874338,50.483823707633476],[4.5899132718685705,50.48746719941943],[4.588998917509028,50.48922003256795],[4.588568689165349,50.4936780589889],[4.589652038013369,50.49508406954228],[4.592636764713157,50.49756576802251],[4.5925176285815485,50.49819930500093],[4.585658592114355,50.49713398090154],[4.579875577729055,50.498266823944256],[4.5779424653808904,50.49812836834627],[4.574956706309008,50.49697268308663],[4.564199053321201,50.49110826053778],[4.562388150745724,50.49097998578996],[4.561231349972548,50.49230556918165],[4.561245298173199,50.49369016269185],[4.562255200249041,50.49688653208345],[4.559698085845139,50.50117850035399],[4.558999740531906,50.50543755963066],[4.564338250148989,50.51374257220373],[4.565384519890141,50.51703770921586],[4.566150779798369,50.518216331507446],[4.567761280657517,50.51948477101468],[4.5722313284908,50.521225521288024],[4.574441024661488,50.522556257745045],[4.575789832087831,50.524012056943704],[4.577210374468067,50.52655296126565],[4.579636686369116,50.5297468757787],[4.5802481873944325,50.532078195887415],[4.580081238365284,50.53493680158864],[4.577530410935327,50.54228431948054],[4.543561931103699,50.53341318277315],[4.531736660279186,50.53129436487936],[4.521712962424197,50.52780012771154],[4.514956298141571,50.526408534690546],[4.511694274442006,50.52652915955375],[4.504479510137779,50.52828392277427],[4.502609135631016,50.52824372197939],[4.503565473393608,50.53147177501515],[4.503422030529516,50.53585336277602],[4.502673162670489,50.53795130530216],[4.501083675367996,50.53845539985022],[4.4913249711047305,50.537244895926065],[4.486762431309058,50.53547033724981],[4.4837815846204165,50.53487885607676],[4.47774281598055,50.53552932862337],[4.475487801557479,50.53532011011244],[4.473369137188511,50.53420798092884],[4.468710105757555,50.52961500964014],[4.4673522289681555,50.52922170368234],[4.465586906209471,50.53034089567852],[4.464649254242632,50.532339171538126],[4.4648429401610805,50.53363400892895],[4.466561249014758,50.53766877347359],[4.466419800849007,50.542778311960845],[4.46697749009005,50.54557074511195],[4.468731741522159,50.5474944137498],[4.4753559519855335,50.5509646135573],[4.476175832048612,50.55221822451356],[4.475474369283192,50.553649725759826],[4.472109257644883,50.555831741086834],[4.469661429639806,50.55885123080914],[4.456143311682345,50.55584130005185],[4.4515901637175075,50.55536173161167],[4.449569817137554,50.55589081577386],[4.444243504488327,50.558915454714786],[4.440949675473938,50.55979643500505],[4.436745243364703,50.56002208320258],[4.426950825574308,50.55920650299667],[4.4234010584761405,50.559335816656855],[4.421482328439516,50.56019245770195],[4.417263140613086,50.56325096902343],[4.415200597995509,50.56393259442014],[4.412450858141189,50.56423082481464],[4.400112763377514,50.56302693009022],[4.382468310993153,50.56398953336645],[4.380965716923375,50.56302208264757],[4.379215350979548,50.56085414945604],[4.376655156778504,50.55921368468855],[4.374840482942425,50.55989491901948],[4.3693330290537125,50.56093897904151],[4.359499822323631,50.561850585745084],[4.358211827331363,50.561144404964864],[4.357612318067878,50.558552484330654],[4.356518860212437,50.5574613723851],[4.350615947446178,50.55568387888993],[4.344980472683865,50.55274740105807],[4.344296850470628,50.551794002445085],[4.343433435610209,50.54869011975639],[4.340216373560776,50.545760505184276],[4.336448508490236,50.54407013428773],[4.332440877543974,50.54418155106758],[4.327644943942787,50.54686854106839],[4.325271661413614,50.54914884951161],[4.3299402759924694,50.551113247328594],[4.331576157183905,50.552764476015795],[4.33295046584013,50.55484027494785],[4.333213622044393,50.55626573305264],[4.332375801472954,50.56062656548237],[4.334867185237079,50.56620717887765],[4.334594162353129,50.56733116643697],[4.333881815369001,50.56809265263769],[4.331787730783995,50.56897340321696],[4.328812997737776,50.56931654415458],[4.317931895172145,50.567996355485725],[4.307799078804028,50.56740838375173],[4.305043787792629,50.56771227946369],[4.302694357372755,50.56922463897973],[4.297684754400236,50.57703098526163],[4.296487412989782,50.5783008334993],[4.286345481806163,50.585383322338345],[4.28119662700438,50.59038565371076],[4.276551262999751,50.59290487278389],[4.274097938405545,50.59464179067414],[4.272684940180144,50.59486057332041],[4.26488490523587,50.59361226158391],[4.259315485278811,50.59338482839069],[4.253438670244722,50.594009472153786],[4.248614995771371,50.596215641949385],[4.247116431467014,50.59614835161918],[4.247246729695464,50.59726696640638],[4.250447206959087,50.5999277523136],[4.250764633748393,50.601321884097786],[4.246951625478573,50.60963494563527],[4.24655243990021,50.61168720955451],[4.247472450890616,50.61265748673337],[4.253637706040858,50.61589039569931],[4.244824513970113,50.620336554144544],[4.240352875350657,50.622001141400496],[4.236133350117688,50.623025378522314],[4.228765728155933,50.624214370878406],[4.212458293275454,50.62446509625962],[4.202570361034009,50.62573560575078],[4.201057298763091,50.62624411014801],[4.200088817810146,50.62757240456217],[4.198493862973688,50.6348264075696],[4.199031598232148,50.636673136764216],[4.2010371272137155,50.64021188500397],[4.202581509425252,50.64389000683087],[4.203033352022492,50.646735280595394],[4.202632476410874,50.64835077724465],[4.201330940965865,50.65028268447164],[4.199455677805847,50.65204781758304],[4.194516620551235,50.65431703026161],[4.188132992664752,50.65881626785865],[4.182214759372045,50.66199961959286],[4.177340007911353,50.66335337188749],[4.169185742514044,50.65691938877182],[4.161099042998723,50.647903383748165],[4.149590662595035,50.64059531986712],[4.147531996812708,50.63869774547359],[4.144284793657209,50.63415180477262],[4.140538514907018,50.631885335901075],[4.135749754268811,50.63048306814199],[4.131582115438828,50.63010042965962],[4.126769083513113,50.630942932782496],[4.11696235008046,50.63370610118927],[4.108671991189265,50.633236573467194],[4.106845856180558,50.63367414025844],[4.100527047756975,50.63951140320374],[4.097452645341602,50.64699791455211],[4.093272767698648,50.65199198990238],[4.0925773291212595,50.65329638925759],[4.092862571985186,50.65412966709337],[4.095314488379298,50.6531331514124],[4.096364055326873,50.65327500333067],[4.09716476827248,50.6539052625144],[4.098516454534106,50.6563103193024],[4.0996159297847585,50.662220091726496],[4.0991407091327146,50.66436036033808],[4.097726326675131,50.666184362175194],[4.096602338901476,50.66689230380166],[4.092815579602177,50.66814409740519],[4.091756719115418,50.66898908453555],[4.095722292406004,50.67554704439396],[4.095785633496673,50.680626406103954],[4.097482165079417,50.68609590856719],[4.0984935555852,50.69154662492373],[4.0980046878412955,50.693756003399685],[4.095435820293691,50.696375672041086],[4.094276078947882,50.69838191610356],[4.093740133073881,50.70037588048097],[4.094052090391866,50.70140746024609],[4.096254213331626,50.70264887630513],[4.099987473843982,50.702924549666115],[4.105234445826755,50.70487314376795],[4.110484976533742,50.70572448753743],[4.111656965950809,50.706216242288164],[4.111746941028976,50.706813192048145],[4.111222987903792,50.70754667912068],[4.109343278395695,50.70829691182522],[4.1059727507335095,50.707825581383666],[4.100472221759601,50.705954519388925],[4.099589249175691,50.70682119482058],[4.100068603215969,50.70812060757319],[4.109054002322103,50.71536773510287],[4.110484731455042,50.71560098046264],[4.112883575031268,50.71366316718018],[4.116501287525949,50.71320066457226],[4.1207847242902425,50.71385110323389],[4.129373204127112,50.71606082213401],[4.13225596971395,50.71637719167194],[4.1341997093637515,50.71608676946267],[4.138778637582152,50.72182697539155],[4.140470872010309,50.72565764941153],[4.1421504960004905,50.727360519803455],[4.1436449363131915,50.72787293561445],[4.146058064024637,50.727811124684905],[4.150345928321925,50.726344144840134],[4.15247127528682,50.726078884195324],[4.155522962931433,50.727128221825744],[4.155681210365296,50.7274554801803],[4.154806373969836,50.72813896696016],[4.155864972821419,50.72838426597233],[4.1588807854830865,50.72760739189699],[4.166139157996052,50.7237698090569],[4.172363433044223,50.72149531104632],[4.180020714143539,50.70994924387391],[4.182338596167072,50.708077278514935],[4.185219403768925,50.707799026424304],[4.203741696066749,50.70831594879528],[4.209929538491748,50.7074069254001],[4.213986263992595,50.70580789972655],[4.2233215381247255,50.70102265895833],[4.23272166275773,50.69742430348777],[4.235978396439765,50.695464740786925],[4.242220063885924,50.690889476510065],[4.245495995089483,50.68957464157617],[4.2468480513843385,50.689425161243946],[4.2581734080812925,50.697610581701404],[4.260901973220233,50.69902764909836],[4.262587780587419,50.69945255059822],[4.274343241192245,50.69953980373559],[4.28214650669232,50.69796658200149],[4.2898877825229915,50.695355334630804],[4.292632920046238,50.69532251006154],[4.296380346434936,50.69627208026379],[4.307969932016483,50.70022717068301],[4.310249575608754,50.70195548429157],[4.310734148580812,50.70305035556046],[4.308825418046339,50.70529225363951],[4.308496134180365,50.70668738643885],[4.308990518892767,50.707932400102436],[4.311380962068753,50.71132240717733],[4.311247822248045,50.7135652361393],[4.312384945632668,50.71518639281372],[4.313447709302934,50.71891442095615],[4.314246525972456,50.7198810915358],[4.316639707603846,50.72004822197486],[4.31802777430798,50.72071305253261],[4.322580869602107,50.719686973541315],[4.326133897871006,50.71697783061133],[4.328899168060416,50.71706347338296],[4.332812724149205,50.71629502733309],[4.333736023332471,50.71641112003681],[4.333781593972132,50.717401530784066],[4.331927693529944,50.72128574697116],[4.33265863299667,50.72613113033319],[4.332173122599162,50.72628031826998],[4.328551767971747,50.72499033384509],[4.32648420254695,50.72471261395094],[4.325454880819743,50.725159923264904],[4.324973635160864,50.726652634618425],[4.325081898125834,50.727575186405616],[4.325643656894134,50.72833714726728],[4.334009850686053,50.7330262705661],[4.336966680907114,50.733184516755536],[4.3397391750111325,50.73179093845765],[4.342274799832088,50.728892019052914],[4.348671892237586,50.71980347924827],[4.350816485584987,50.71756362068138],[4.352577617391528,50.716435336062546],[4.355364474513303,50.71588076792204],[4.368782436881404,50.7166398130337],[4.370633223698743,50.717178467108056],[4.371645406942918,50.71827195195408],[4.372153150387815,50.720523199561924],[4.372628577040602,50.7275331890448],[4.373395768079223,50.72877167599423],[4.3750686145831645,50.729663805625954],[4.379360604238691,50.73072856508298],[4.389362964181078,50.732353439985815],[4.396057895776475,50.734031869011595],[4.424198489759835,50.735853976233194],[4.438875318425103,50.74209392939276],[4.455868435582185,50.75136636526999],[4.4611014408125005,50.75366766394752],[4.464976851452283,50.75402836425504],[4.471674963327698,50.75252455559878],[4.4773916199556005,50.75219408604521],[4.486500836150381,50.75277253929857],[4.490977382416293,50.75428821925852],[4.49299828279326,50.75549838062419],[4.494433069085918,50.756916170522],[4.497735296037784,50.75505471045488],[4.498828081603545,50.753900692651996],[4.499024981561552,50.75317929387426],[4.498232211290553,50.75087042850491],[4.493765095478984,50.74478917532767],[4.493436590079755,50.74361628639834],[4.493819348315412,50.742608315169534],[4.494698176858813,50.741941523410176],[4.495808641447325,50.7417081217774],[4.497106850935136,50.741865769016755],[4.499654564172399,50.74293427253669],[4.500943866182981,50.74280160146055],[4.501381694979135,50.74216479937986],[4.501675517573357,50.73936009475504],[4.502304559877655,50.73820269177454],[4.508505178186222,50.734962871785456],[4.510438473370243,50.73333223623753],[4.510795595548918,50.732068975628515],[4.509433179327997,50.731272095163256],[4.521565719656696,50.72835328791764],[4.524156006506971,50.728343439980925],[4.5266396868612055,50.72896295901548],[4.528751011466519,50.729989804991156],[4.530386409980408,50.73147941366055],[4.530843172228438,50.732926540624334],[4.530680675900331,50.73393744841273],[4.527540336563416,50.73779019237937],[4.527551253046724,50.738591975397235],[4.52842276308363,50.73933404111021],[4.530176089565365,50.73981181049236],[4.53405276532821,50.73998278261528],[4.5371395790793,50.74074899091491],[4.555063269468144,50.74716968900704],[4.55776161413208,50.74708353786312],[4.562331294498775,50.744702298416904],[4.5638585362297395,50.74617975961954],[4.565521452904432,50.747011534964315],[4.5730741867736695,50.74777032168068],[4.574409602050855,50.748654925430706],[4.578690766320182,50.75293951230095],[4.5794627031611705,50.75419672767229],[4.579965990770884,50.756682258341144],[4.581071501958082,50.75777421321979],[4.586543047083579,50.76039754971229],[4.597028972179152,50.76352115754669],[4.597424172436444,50.76339739120657],[4.597931441068532,50.76239305471297],[4.600487923162113,50.754930384139286],[4.6004618396070684,50.752595477612594],[4.599391724996036,50.748526316714546],[4.599456242643822,50.74605564865156],[4.600665730580378,50.74433516330321],[4.603138598545542,50.742566647771675],[4.605217214395087,50.741809166065096],[4.606722457495226,50.74171253440011],[4.6197187250922065,50.743623104428764],[4.628591214557647,50.74299541819411],[4.633399082439662,50.7431878841783],[4.636665005094176,50.74405821122542],[4.64351885718691,50.74681097942304],[4.64532805999743,50.748228546005755],[4.647215040930274,50.75052359884403],[4.651000769948314,50.75256786127203],[4.652232775455096,50.75448806588698],[4.653894041484587,50.75547297847922],[4.654347829896347,50.75624420058679],[4.654129274080211,50.75744352263466],[4.653381356086032,50.75819854331024],[4.648751288735598,50.75977395919754],[4.647042017937555,50.76105420240625],[4.637704341050439,50.772664382666235],[4.638314992152541,50.77620566526326],[4.643071046863558,50.780814497885906],[4.6453630664007175,50.784588159666825],[4.646443449823247,50.787479279876294],[4.646551076982359,50.789442114496616],[4.646179633987324,50.791238514630194],[4.642370131484076,50.79905102018878],[4.647923422271901,50.7976903195203],[4.6585491001685995,50.79393931578228],[4.6646414315581675,50.79279846581906],[4.671937888078591,50.79283741417158],[4.675667625879717,50.7941162717079],[4.686166760085598,50.79360332322443],[4.689438268981422,50.79179841804836],[4.691248284159323,50.79179715095486],[4.691828112644732,50.78864441809301],[4.692420911969629,50.78839380986551],[4.695435263095175,50.788895389911524],[4.695490033281112,50.78925145733297],[4.694487716050266,50.7898720026396],[4.694897129921305,50.79003063278736],[4.699465414851585,50.78957151288881],[4.7104766209858555,50.79438324056857],[4.71166456375203,50.79393128167826],[4.713084801898611,50.79187597247873],[4.71443539464668,50.790711934084015],[4.715760709820908,50.79028091913318],[4.717672143073978,50.79055976612459],[4.719894562295924,50.79184529682031],[4.725136936525825,50.796809289346136],[4.725579196389981,50.79785042235186],[4.725336600904989,50.80098444984392],[4.72638333516441,50.80201336674853],[4.729104430838772,50.802334397258164],[4.736233413642896,50.80152855035845],[4.7384518130530635,50.80242517956173],[4.740656626648206,50.803890441982816],[4.747521299496317,50.80628305342809],[4.750489339891654,50.806773268424244],[4.755504957577539,50.806642970502686],[4.757930090089088,50.806227378611226],[4.76276551235522,50.803873279870245],[4.771098963432993,50.80275635892402],[4.789019379143632,50.79868181268407],[4.794260507298235,50.79677657929689],[4.800027717151264,50.79268957691487],[4.8005409399095385,50.79040985295021],[4.805793957975143,50.78634442088539],[4.810756135597787,50.77953029848456],[4.813496061827689,50.77722009753315],[4.818382928674579,50.77633616813939],[4.827221115181575,50.77634039328349],[4.8311650554593255,50.77545412714032],[4.834347188654415,50.775250173439524],[4.835680986855001,50.774674695704505],[4.836284412696479,50.77368881259688],[4.835849448704779,50.772612956575706],[4.831073051636128,50.7704739470139],[4.831721465640931,50.768061638605104],[4.832948958514156,50.76603572986131],[4.834539157274066,50.76466223207999],[4.835940412213436,50.76411924959989],[4.839162791958159,50.764284138150174],[4.845366595985872,50.766501340061566],[4.847815644220503,50.76688544938767],[4.854667521045957,50.7661041148494],[4.861107627821752,50.76492391851791],[4.868323056906232,50.76543366694688],[4.876612246744675,50.76547658065051],[4.882325903553356,50.76348863354738],[4.88483373545862,50.76320083739563],[4.887350615230709,50.76397885344531],[4.890020886077795,50.76549244238621],[4.895076225770209,50.77017507288575],[4.897701028822989,50.77176853979742],[4.898753054518524,50.77191335862888],[4.9014989435180505,50.769396416201225],[4.9059041424239425,50.768438027809985],[4.906508818423496,50.768023392319066],[4.906213595458532,50.76506198377588],[4.904609574221364,50.76106013900418],[4.905132482796499,50.75972806205274],[4.908798753065681,50.755502508736775],[4.90874522495906,50.7542535220328],[4.907651915763527,50.75110938437674],[4.907871852480843,50.750249882761715],[4.914468831322451,50.748927163315216],[4.918398717219595,50.74759721413681],[4.922120610762568,50.74554340208742],[4.925499779455253,50.742712551925855],[4.928091129687132,50.74472441213594],[4.929506262693685,50.7468461696685],[4.93064447015783,50.74735175428374],[4.939355011622582,50.747821374413434],[4.952520379166868,50.75104364240201],[4.953222466066166,50.751600500851495],[4.953014016227722,50.75257365654129],[4.953921164943553,50.75385846188929],[4.967540771930072,50.7628420108689],[4.968540727277056,50.76394540597015],[4.969725113688714,50.7663276462641],[4.971008793156003,50.76709503466242],[4.9725309403796505,50.76729571402193],[4.977433466595303,50.76691006168232],[4.982976999279896,50.769039167497354],[4.986037563980539,50.76934514404875],[4.996107284898831,50.76661655453932],[5.003793066315603,50.765470736519276],[5.005087833805715,50.76497603383631],[5.007278931375666,50.76339112267734],[5.014796784219817,50.757028040341005],[5.019698400671779,50.7509720244281],[5.019368236298343,50.748864582872514],[5.017381351163835,50.743406330716006],[5.016020346921112,50.734052500582834],[5.015317367662832,50.73286412919522],[5.013982180241702,50.73201725491005],[5.009496881688621,50.731548068390275],[5.005668437317126,50.7294963611858],[4.997074255849314,50.7270149821304],[4.9941610797647344,50.725410695584245],[4.992577853706521,50.7237228614862],[4.994884804686901,50.72268553548628],[4.995972611535402,50.72165209303266],[4.996224838394172,50.71986308916214],[4.995622531281843,50.71803189031517],[4.996343185307107,50.71699028674371],[4.999289218630361,50.71500709173313],[5.00892500800852,50.71125471439864],[5.011494910924359,50.706939491894],[5.017314459559568,50.7024852659533],[5.016491811705031,50.70146143606112],[5.014563378575233,50.70023777963284],[5.004480193907323,50.696185857101774],[5.002355502478045,50.694441194753196],[5.000909671429165,50.69197776164201],[4.998097231894259,50.68244375670413],[4.998414315531172,50.67621041287593],[4.9978106361005405,50.67220251400278],[4.998169834594549,50.67064457814218],[5.000478701550794,50.666965653771946],[5.0007998285261905,50.665130799482085],[4.999653772211044,50.66334196346916],[4.992501320079434,50.657633310580906],[4.98994515448639,50.654907139976665],[4.988045939493946,50.65098029157661],[4.987825308196077,50.64932899522433],[4.988153481899169,50.64546876951332],[4.985216721891192,50.64410582970673],[4.983338064220259,50.64223976169095],[4.986447924679627,50.640058597766156],[4.988068717734611,50.63819984715597],[4.987872519001708,50.637197960138494],[4.984129731607342,50.63523310705996],[4.983287762683709,50.633942361407016],[4.983756410754744,50.632343764808695],[4.986940270831169,50.62713018120886],[4.987340307539047,50.625377409650724],[4.986618683675745,50.623734703877716],[4.98455727866682,50.621566814852045],[4.979536598340734,50.618484181449475],[4.981557249220931,50.617456582447595],[4.994719749531715,50.61280137655549],[4.999689571934468,50.61006285652904],[5.000716892823244,50.60891858418672],[5.0012660650110226,50.60742764752748],[5.000189175460412,50.60370976988453],[5.000349484091023,50.60086146465831],[5.0014031088794635,50.59940385834586],[5.003112976567496,50.59816496722954],[5.00900633397965,50.59512294009856],[5.018494545605862,50.59122689278797],[5.023402929431964,50.589794249506745],[5.028491036028442,50.58881688853799],[5.028256834765522,50.587600181731524],[5.0286043985723685,50.58644075876925],[5.032042213592778,50.58240679916067],[5.0308321471349196,50.577746775752445],[5.031230875083428,50.57564719839002],[5.03251289704174,50.57313849433341],[5.034925161733724,50.57047888793532],[5.041077415625692,50.56651353882376],[5.045142242440248,50.56321693078916],[5.047136939830405,50.56047503709304],[5.047231362738998,50.55797194407749],[5.047593217449756,50.55712274017349],[5.04908763263771,50.55603109189278],[5.0510499601561305,50.55537641624342],[5.048691132866408,50.55315957313376],[5.0480139804809125,50.55137609142088],[5.048749771586819,50.54952805096671],[5.0527339630415735,50.54421582705177],[5.053310956090096,50.54256749235728],[5.0530572754274035,50.541409792185064],[5.051069696499922,50.53998229338342],[5.0453351903149715,50.537767940097915],[5.039000603256634,50.53595228889009],[5.034272152663078,50.53176106298563],[5.084650877438181,50.529653817816055],[5.090896167621744,50.52901220185278],[5.092454948476722,50.52817415404046],[5.093153966756873,50.52712326479619],[5.0929178119563945,50.526398468054076],[5.091985108978092,50.525708606760716],[5.091976386811902,50.52511197739706],[5.094925634974407,50.52240675376907],[5.095890150876135,50.520946215706864],[5.09567132756602,50.518803842862305],[5.096142600159373,50.51716480362395],[5.096220419920326,50.515020428863835],[5.097597824389167,50.51297853053596],[5.102589057904598,50.508956651746],[5.110523901041168,50.50672264591923],[5.116251931347062,50.50460079080129],[5.118343949844498,50.50458932459357],[5.1236155664087715,50.5057910107333],[5.142347211314244,50.512104579179535],[5.144786853968092,50.50855919263599],[5.140854939641538,50.50655824920044],[5.13343547562913,50.503744561497165],[5.131595705822325,50.50246163724006],[5.131569283786775,50.50105322060483],[5.133127788678211,50.49655034229688],[5.13326204048517,50.49239840097549],[5.133695267600877,50.49083760004896],[5.134520639668319,50.48969261178472],[5.135892085659881,50.48871387105321],[5.140378292972868,50.487229782841155],[5.145768974591122,50.48704481228834],[5.15419304996167,50.48837347011495],[5.155764731142843,50.488440270175516],[5.156894321704508,50.48809638882786],[5.157406918463072,50.48738719583234],[5.1572014480594826,50.48674546311344],[5.152554820027095,50.48319094386836],[5.151923023512848,50.48232412928847],[5.151961433957922,50.481226585271294],[5.1526549156354795,50.480076808453866],[5.155524620665641,50.477289567935955],[5.158003263602135,50.47339403339086],[5.163255932644303,50.46902224238738],[5.163910873435595,50.46762308969484],[5.16886264894644,50.468536627645044],[5.1722468396925905,50.469750131426245],[5.1803870759429165,50.4755686151289],[5.189213869874504,50.47644148549536],[5.194202966542128,50.47829529516589],[5.197593236419303,50.47879605504236],[5.20288214200861,50.47350446919337],[5.2107076364897305,50.45927627668382],[5.221384197957644,50.44649829345281],[5.224742986925004,50.44394045658862],[5.229279233631242,50.44324866204623],[5.23191456976898,50.442140323003166],[5.234179035050267,50.4402809292739],[5.235514699372711,50.438113011307166],[5.235590385714637,50.436547945321344],[5.234645235642895,50.43337651025614],[5.234600779248864,50.430920433498386],[5.23543685752587,50.42889900812488],[5.237164863437855,50.42717300880962],[5.236911578182001,50.426635220075184],[5.234933719368395,50.42472685523468],[5.221257326111163,50.41729113483442],[5.229587048631119,50.40901432667969],[5.234359925756347,50.405063113405895],[5.236968741300254,50.40365283659896],[5.240476847191699,50.402856892161026],[5.252359302017932,50.40145526889191],[5.2605905498401615,50.402093486823766],[5.268498204650722,50.40012825674997],[5.2736320000220305,50.39815010955168],[5.277111456900192,50.39585206256039],[5.281780332341904,50.39536915451958],[5.2841000098967195,50.3944638041482],[5.284470702787481,50.39380876288661],[5.284285333978141,50.39320735981685],[5.281385787520362,50.38985096678011],[5.280560088773458,50.38792271188497],[5.280707125401279,50.38283806684184],[5.2815062716969505,50.37936235009179],[5.283231351848175,50.377094192879404],[5.28766231399544,50.373911350438384],[5.294824391572147,50.367709481469724],[5.29659091419108,50.366643947598135],[5.298255404435562,50.36635648622019],[5.299578381213095,50.36660870511183],[5.3095550037857056,50.37083247990419],[5.322323276903207,50.37435938860743],[5.336983620152333,50.380521046649775],[5.3462823401584485,50.386621887057906],[5.349369335551744,50.38750690788457],[5.352181807512517,50.387743484815466],[5.355723404725092,50.38737345894069],[5.3591564993428,50.38634121120701],[5.361640332366008,50.38480341428875],[5.363214443081065,50.381766618232966],[5.3646329931959675,50.38113349240514],[5.367471912027714,50.38057717718986],[5.369929491230204,50.38067943602927],[5.373163055531647,50.38151504208346],[5.381400450773391,50.38568234531289],[5.383251973969089,50.385697690988714],[5.385872468520308,50.38491626378235],[5.390733950571924,50.38202840426442],[5.393323601515774,50.37920230997445],[5.398880203583618,50.37493769878155],[5.39970144011313,50.37331747940241],[5.399626652202673,50.369643925673856],[5.400844517666191,50.367366574788946],[5.39999520531735,50.36535671045853],[5.398142725530123,50.36308190159098],[5.393160879956702,50.360224510656074],[5.384606768194889,50.35390530083387],[5.383167377698084,50.352641952393256],[5.3823381049285235,50.351281903206164],[5.382707993915681,50.34909888497171],[5.385523669207462,50.34537066831345],[5.387886209593294,50.34396483453671],[5.393439508162949,50.341860453376206],[5.394945966562272,50.34063119598132],[5.395067461150161,50.33888538338892],[5.393778353392694,50.33627691770785],[5.388876814500032,50.33394081064919],[5.385316345517319,50.33167493908836],[5.374038922388923,50.32624621621182],[5.368669535779199,50.32471599467989],[5.354680657266988,50.32201652197842],[5.349952424387961,50.32046609532468],[5.346531461419893,50.31864455145082],[5.344033320249434,50.31678504831807],[5.342792688494669,50.31517245062009],[5.3422214113806845,50.313213310551276],[5.342359483875151,50.31135402542914],[5.3433491982821115,50.30965141707016],[5.346380442587114,50.30701934733332],[5.348161661282528,50.306555031819784],[5.354045152538519,50.310248536449905],[5.359192580065505,50.31565121817261],[5.362465087197851,50.3172124854926],[5.365134386259873,50.31765871610137],[5.367500282319478,50.317566547974614],[5.3816888415154445,50.31521568866162],[5.384493240954988,50.31570479384834],[5.386475714698002,50.3170204674191],[5.388864999988022,50.31397225517596],[5.39100129485767,50.30992267648376],[5.391150946960814,50.30619384388987],[5.392439395485306,50.30067380787594],[5.392272073287297,50.29973453770308],[5.390818599919349,50.29794001696678],[5.394021368511317,50.29512028844313],[5.394901860371584,50.293614957959946],[5.395400526395687,50.291743275874545],[5.395264376643556,50.28962202715357],[5.393836910061999,50.287442516061375],[5.391288875726945,50.28582728951457],[5.387000292931121,50.28421296360328],[5.37651761103738,50.278631662868776],[5.366918677087921,50.27747012906098],[5.360110488705259,50.27518430701379],[5.355698582860259,50.27229605233297],[5.351186064688746,50.268564139680926],[5.342890370937306,50.26438029260809],[5.34035087826315,50.26271432719909],[5.337607610044823,50.260636797919204],[5.334940505913537,50.25771152936754],[5.331890722853823,50.25532932357286],[5.31795257585664,50.24794936395038],[5.312839278596973,50.245636961827344],[5.296925108026447,50.241075635032644],[5.293814324526982,50.240720991458986],[5.290716715760541,50.24204706691216],[5.284022400328341,50.24705847557015],[5.282909729029229,50.247445886467354],[5.281766606743241,50.247337230268144],[5.274610084667872,50.24368696671387],[5.270449566312502,50.24213176650191],[5.2636271570222934,50.24062508983808],[5.2540893727796245,50.2394109144803],[5.254119979730194,50.23844476685149],[5.258582748371594,50.234496503824694],[5.259779586558223,50.23290758399505],[5.260320123372665,50.231525060631434],[5.260292408378871,50.230552328828516],[5.259634351135656,50.22943342789491],[5.25681630769994,50.2272073405768],[5.25360157282502,50.22611709780077],[5.245989909899883,50.22433589182841],[5.237128481375885,50.22290281780538],[5.2339790741113745,50.223294032377055],[5.228678916428846,50.22596722959998],[5.226155444444213,50.22616455921217],[5.214870496256977,50.22217588859749],[5.210314070117546,50.21944919448218],[5.208353414164055,50.21762326804483],[5.208460549155295,50.216808240885825],[5.210153322274723,50.21629588538081],[5.220043933057588,50.21495475894441],[5.227286921287435,50.214592776449145],[5.230358654993429,50.21403798972966],[5.232374591888083,50.21279963800543],[5.236593330937719,50.2091302117813],[5.242974297998921,50.20495679350668],[5.243701903753835,50.2040574315221],[5.243548226313911,50.20305873542316],[5.237335230781182,50.19759047168075],[5.236732269619496,50.19661549881185],[5.237015587131608,50.195542119150076],[5.241043798705955,50.194019976381284],[5.24603480803196,50.19406866270273],[5.247537270027922,50.193603821300755],[5.248176897926572,50.19260278559488],[5.248036881040239,50.191759591949676],[5.24544959348204,50.18869349769644],[5.244858427702418,50.18733061518585],[5.2459175977675025,50.18529583974834],[5.253555791196717,50.179054292296],[5.260324787483392,50.172269203529375],[5.264886172885541,50.16832858023769],[5.268177538379296,50.16372694590922],[5.270196866914934,50.16170046785849],[5.271859440329743,50.16056164379277],[5.27460761571748,50.159427419964494],[5.28086607109954,50.15871371260057],[5.278675029751859,50.158016114819624],[5.2773780710694815,50.1569404304241],[5.277906109816304,50.15639836882656],[5.280924154700094,50.15521455020722],[5.282204116631395,50.153827217082835],[5.283050570662748,50.149820024060446],[5.282103125067269,50.14821871725207],[5.275541830850909,50.145060990817186],[5.272489756332686,50.142245048602874],[5.270770582057258,50.1412524121546],[5.269114409252556,50.14094612890422],[5.264401585041932,50.14143932586414],[5.261116956902985,50.140729818446545],[5.246934975375874,50.135620475808544],[5.244773641672457,50.13439846216509],[5.2437959830969945,50.1331390793294],[5.244088536120681,50.13120782447878],[5.246441225665785,50.12876689394033],[5.248347398428072,50.12792430926646],[5.25325985851404,50.1273167622496],[5.2549125715224605,50.126707113976366],[5.2610648737148065,50.122307361486776],[5.264942560239143,50.12068083403795],[5.267252318366288,50.119140047341894],[5.268768438899017,50.11705074255843],[5.2690307703341475,50.11517560630963],[5.268593567388997,50.112861028330954],[5.267417011138034,50.11130527866279],[5.263058945988964,50.10848271939124],[5.260973358663952,50.10929752625944],[5.257213752477036,50.10959232940211],[5.238942701300852,50.1098712855801],[5.2348390744952,50.10936003669809],[5.231555629265116,50.10838873031614],[5.228832771970992,50.10706357417944],[5.225467007613033,50.10301639158457],[5.223553088454327,50.10197042943814],[5.2194151638725055,50.10087810532884],[5.202254484539148,50.09766740007222],[5.200687930934768,50.09786428488819],[5.198805954054517,50.09866679604523],[5.194695814796744,50.0983330595125],[5.190157199782173,50.098577043560056],[5.186866019502775,50.0998688507668],[5.183899165408447,50.100262887262545],[5.162886891919678,50.10012903204702],[5.160198813833639,50.09973815857625],[5.158533559298077,50.09901172457545],[5.153449982994713,50.09557239389145],[5.152842488393085,50.09488822705637],[5.152814478361583,50.094331805297585],[5.145406344685578,50.09445684661105],[5.137955455029371,50.0950232571009],[5.131490900322085,50.09793846005423],[5.119940918213563,50.09906427258737],[5.11494775750034,50.098543794341595],[5.096380651419494,50.09518448237222],[5.074117528396685,50.094059678906476],[5.072088511101411,50.09458807642215],[5.0704057226220485,50.095983355734234],[5.0677610132299895,50.09976260935036],[5.0622688651364465,50.10563018653745],[5.061654690925634,50.10707749550862],[5.062092922962421,50.109371422839914],[5.066204511654432,50.1151861656252],[5.066998341542038,50.11705332461029],[5.066996527612956,50.12236938015165],[5.06645794117648,50.123055452303696],[5.065835329273042,50.12309948268658],[5.062872556029425,50.116449705332776],[5.0587058339251625,50.10401988882298],[5.056158311824951,50.09937355183183],[5.055722584487188,50.09437130523039],[5.053578985456453,50.08828604940924],[5.053681453923227,50.085516723279966],[5.054241552035567,50.083406566432366],[5.055326599834571,50.08215942711156],[5.0589608214488155,50.07981742096252],[5.059519306048496,50.07894093511556],[5.059526517841779,50.07807908624286],[5.059002417441758,50.07723490740252],[5.057692780450874,50.07658787972501],[5.052289570895222,50.07701769480449],[5.050739687130475,50.07653366785797],[5.050819666837211,50.075884583168424],[5.0526150365082545,50.07379035630516],[5.053163246272219,50.07259674874213],[5.052988321363134,50.06761955550485],[5.051708925953354,50.065837395540626],[5.049670685089734,50.063938399302366],[5.043929047042194,50.06080278954717],[5.0434083065604565,50.05979044002119],[5.042855327493579,50.056401118565766],[5.041526849758766,50.05457773061325],[5.039490304659658,50.053248283489054],[5.030467966909399,50.04943023827742],[5.026889279364433,50.045804079743576],[5.024521973558515,50.04415223215524],[5.015607935410531,50.040765079015564],[5.011228224273653,50.03810063743221],[5.009352141771393,50.0388837139914],[5.001196902300911,50.043748109359136],[4.998989442550327,50.044191540010644],[4.997108696821016,50.043743081984715],[4.995786281583785,50.04255121207995],[4.994988354271303,50.04090262308868],[4.993135468769134,50.03221223512107],[4.990876855902947,50.02989075800656],[4.9883527794327005,50.02857845382763],[4.985380905283548,50.02835813258967],[4.978475992731397,50.029685061438116],[4.972993226995176,50.02899219731697],[4.976776278477914,50.026645011742495],[4.983533494952246,50.02330138828481],[4.988563176977626,50.018004901004886],[4.991035507123272,50.01609163413538]]]}},{"type":"Feature","properties":{"terr_code":"T99"},"geometry":{"type":"MultiPolygon","coordinates":[[[[6.235459141232559,50.62592848096826],[6.258792535874753,50.62789532807159],[6.262955311101637,50.62777271233693],[6.266333280605726,50.62679448435631],[6.268603092145878,50.625097074777344],[6.269436947732024,50.62324434405028],[6.26945282897163,50.62099215150395],[6.268856228365664,50.61911645752177],[6.267858919023208,50.617485314996784],[6.262774703355403,50.61227549341021],[6.259011036725207,50.60954212198528],[6.251630403121171,50.60570205063409],[6.24960641080257,50.60422093364617],[6.248692327806282,50.60265471092135],[6.248541484147573,50.598359356250526],[6.247534740621515,50.59566218088434],[6.244594018050871,50.59188282889074],[6.2410202794942915,50.588667421743544],[6.238175907597514,50.58821521658131],[6.229084547064968,50.589700526909716],[6.22708416972582,50.58960390388534],[6.2253991634672845,50.589026424780094],[6.223559280181855,50.58752162990437],[6.220889850997225,50.58398725728822],[6.218547595384273,50.581697178582466],[6.215367183272802,50.579612045761266],[6.207452809388067,50.57560481726069],[6.201713725421314,50.56953169091786],[6.198385906811128,50.56789718137742],[6.194317574362018,50.56662872407961],[6.189639407655515,50.565992950895875],[6.172486145913712,50.569412819312596],[6.168916258281612,50.569704047884116],[6.167167829648821,50.56937614675531],[6.166168369149867,50.56838908285033],[6.165669826132679,50.566970515950345],[6.164969678249884,50.56100282623727],[6.164262910605961,50.55851707019824],[6.163029639090145,50.556830920515694],[6.160198730560835,50.554486658307376],[6.155661401693485,50.55204517339063],[6.148123920419152,50.54946515952036],[6.144580832468863,50.5486907799549],[6.137605052887407,50.548083458401855],[6.134453399637766,50.55214625708459],[6.13410098952333,50.553508980539114],[6.134155829005706,50.55697470797305],[6.133230966846514,50.559004288669584],[6.129663275512726,50.562718836722965],[6.1221659792282646,50.568356193177515],[6.119852365643669,50.57093482701285],[6.119282911979943,50.5724471579799],[6.118205234972014,50.57986273665642],[6.117464029739041,50.58206503557136],[6.116329087334207,50.584029116672134],[6.110480707786783,50.588839542464775],[6.104180576177384,50.592960677422056],[6.099941145235773,50.59650488586663],[6.096536863386113,50.59733417393963],[6.088665621621073,50.59705074848443],[6.0768120788139255,50.59948997115096],[6.06676506546496,50.60001285729997],[6.059925964830945,50.59882474478936],[6.058411139234544,50.59889245560586],[6.057095175186701,50.59940231302991],[6.055797273145619,50.60044316986204],[6.0529074770731395,50.605018481216035],[6.048557456837855,50.60953015944949],[6.044131867003558,50.61292912344453],[6.041533650337875,50.614286603690026],[6.039475873422723,50.6146344383015],[6.034476790941892,50.614697234402364],[6.025855645329237,50.615843108188606],[6.01848645215179,50.61392320078501],[6.016734590441332,50.61394453650422],[6.0152232257116625,50.61458867966257],[6.0120356635008525,50.61801875396944],[6.0054281615638265,50.62270512474854],[6.003254931231321,50.62571047628106],[6.003029776709524,50.626888414781234],[6.003412552135639,50.628155593535176],[6.006526829773346,50.631296365778155],[6.007457264423896,50.63286413813081],[6.006938668799975,50.63477024559339],[6.003741880211394,50.638398941612714],[6.003182349499663,50.63963855215992],[6.003487472753808,50.640779934491356],[6.005618194230014,50.644317438396655],[6.005632441878075,50.645186657528335],[6.004861107128969,50.64651365178381],[6.002606097347768,50.648436538073625],[5.997529465771513,50.651651746023475],[5.983593981350461,50.65916168304129],[5.9799949287021175,50.661589024954154],[5.976105669778971,50.665314836971085],[5.967409740759305,50.675090008050695],[5.957753417993572,50.682569627498374],[5.956732073426874,50.6838577669277],[5.956547519178482,50.68518025726906],[5.957434531100337,50.68688420603311],[5.960132116352545,50.68970567638865],[5.963970156732884,50.6928427396764],[5.968680832507722,50.69604304438242],[5.981946087646231,50.702663202939775],[5.992806018704769,50.706699121419774],[5.9963862666136345,50.70920810607155],[5.999391077513433,50.71341523750287],[6.003867736818801,50.72132372905789],[6.014826506927251,50.7413841575033],[6.021068546759603,50.754319233855995],[6.026219293820544,50.75115879610512],[6.028180236153175,50.749575807575404],[6.032372787174257,50.74871284919429],[6.035922375689051,50.74740708558005],[6.038183789545104,50.74618441494386],[6.039566507026092,50.74465215678296],[6.040121121706594,50.74177844319702],[6.03981909890252,50.73926323658225],[6.038973123652366,50.737699395435925],[6.035431250309382,50.733503090508535],[6.03416087162266,50.72976657514013],[6.034262103321396,50.72761833970995],[6.034714318658824,50.72618638520274],[6.036338537334566,50.72371475321662],[6.037398351639584,50.7208382354503],[6.038746659415837,50.719649945393094],[6.039707427839505,50.71947598982601],[6.0408963024292675,50.7199392648159],[6.044652900137459,50.72616074446163],[6.045879891960072,50.72693820476509],[6.046856268930046,50.7270667699362],[6.066051341032501,50.722520252857805],[6.0726661029893005,50.72141496851977],[6.083983790709943,50.721468398297546],[6.095431123986373,50.72236940468842],[6.101350555980515,50.72321804373799],[6.1074597627649805,50.72322839628809],[6.111087598853066,50.722939833968304],[6.113894850439471,50.72226493719888],[6.1186440789590675,50.71955219284244],[6.120822029266966,50.7170851148136],[6.123308660050575,50.71245110898337],[6.124068086879119,50.71046623097241],[6.124569578049583,50.70729717298737],[6.125264487451291,50.705980431910405],[6.134064884663592,50.69663699773309],[6.138305661812203,50.69327949425967],[6.141472548873645,50.69003379661946],[6.1422561172245125,50.68877384289718],[6.1435736569578925,50.68454209007765],[6.145347708797626,50.68158157387544],[6.149326010438962,50.67816567965745],[6.155921246539827,50.67455395756801],[6.161078509266565,50.6711316459173],[6.164742727478038,50.66401040111659],[6.166849694296645,50.66147834274119],[6.169024268622063,50.65953995122372],[6.172767027974115,50.657026240059665],[6.180183587247056,50.653400663699074],[6.181987362922041,50.651895478123144],[6.182431072374964,50.65081518499989],[6.182519727239207,50.64839673730418],[6.180906203544011,50.64667529418],[6.177854962393037,50.64522317495164],[6.1706680893001575,50.64410671370438],[6.169139557092432,50.64319549280467],[6.169437131870773,50.6421940104601],[6.170530445920425,50.64102291514449],[6.178917184062737,50.63452549930931],[6.1808007400857345,50.632588376081515],[6.181139934330872,50.631324766392424],[6.1801089571562695,50.62921790797452],[6.179908872368479,50.62798789770934],[6.180711518821697,50.627197824126505],[6.1848631351857755,50.62642831397011],[6.186267774715822,50.62722762927355],[6.188361551657766,50.62966596305449],[6.190673475821704,50.631453136279376],[6.192491834606999,50.63243121245593],[6.195048411416469,50.632894174728385],[6.207284828911993,50.63178009060345],[6.218557519306154,50.631374873657585],[6.224850721272404,50.629704939628645],[6.235459141232559,50.62592848096826]]],[[[6.173878338227323,50.23152235554763],[6.174887912138133,50.230824362922384],[6.175656897812989,50.22970354745645],[6.175866688108121,50.22851825871393],[6.175569117024782,50.227551854895324],[6.173828918333799,50.22599242395119],[6.16821899314036,50.22348061342536],[6.167388048907954,50.222302772405506],[6.167426226427148,50.22101730505488],[6.168658285308183,50.21984697729599],[6.17383221219331,50.21779271119846],[6.177720196131755,50.21559389649099],[6.181074551012222,50.21222887301461],[6.184044994924233,50.20809564136929],[6.187051365912681,50.20523464370988],[6.185835222761473,50.199215910558834],[6.18528790815169,50.192793290514416],[6.185916610268086,50.19119285437562],[6.1887278693606715,50.18731470116361],[6.188894128605536,50.18626846501243],[6.188416884153957,50.1837024990138],[6.190040774542407,50.18167888019572],[6.190232802219018,50.18095338839974],[6.188058599044611,50.17971852526543],[6.184278839951791,50.1790363549327],[6.1778188117144675,50.179384704747484],[6.16625783642408,50.1787097390195],[6.1632005073939995,50.17734553808922],[6.160123655382607,50.17348606288617],[6.1581373082622,50.17253692258312],[6.155526633167542,50.173085658226555],[6.1517610628993955,50.175532742066444],[6.149543680816185,50.176381475845446],[6.147628598619718,50.17644809972588],[6.1462229368162635,50.175641977511205],[6.145382097574612,50.173988800206786],[6.145396500512167,50.17103295735526],[6.1418058510241735,50.16889746178025],[6.1412312504345135,50.16757917034597],[6.142064033360922,50.16580732701636],[6.145607018016806,50.161942848461536],[6.146085039000867,50.16046915400907],[6.1457407613575255,50.15921715501079],[6.144502165497794,50.15772074472775],[6.142959184672671,50.15669730523104],[6.140695109429024,50.15587983309876],[6.136368289193738,50.15503628542983],[6.13582345545218,50.154737781179094],[6.13553666931012,50.15382164596942],[6.13706076543742,50.15174068262912],[6.140453157437935,50.14953211306609],[6.14266606072256,50.14937656978065],[6.148508230610682,50.150656244971294],[6.151447989324848,50.14982457193523],[6.152306240997055,50.14891605074777],[6.1531777506484495,50.146616089821705],[6.153671085557304,50.14265736307217],[6.152785474781621,50.14082787350818],[6.149952139773932,50.1377842767277],[6.146955982649556,50.13607871542677],[6.1399855951505105,50.13360296112827],[6.138747541983373,50.13259880474533],[6.136872551013038,50.12990554692563],[6.1329717559823695,50.130376544668444],[6.12382540026299,50.13456871412855],[6.1204250100693045,50.13557695243943],[6.114773116846842,50.13660285384063],[6.11336102423413,50.1374490220759],[6.113091731593468,50.1384047367093],[6.113425509397215,50.14005362947014],[6.115286844812201,50.14361763514568],[6.118504218242655,50.14691514845316],[6.122674716818696,50.14974332168881],[6.12293600301769,50.15049079749112],[6.1181931310406785,50.1542254070281],[6.1168665258824815,50.15584992039506],[6.116917574237195,50.15724410975773],[6.118604265578346,50.16148913119656],[6.118476165549543,50.162440114519946],[6.117859319121488,50.16332429394498],[6.114688790893926,50.165239890603914],[6.104809549247786,50.169326491031725],[6.101207554843786,50.17009961865086],[6.093995974858964,50.17011533971233],[6.085884239326681,50.17133621784477],[6.081903465176567,50.17091055301388],[6.080704078756639,50.17021876400217],[6.079883860942803,50.16884817468569],[6.079651679371615,50.167440941176295],[6.079895707922874,50.16192701508495],[6.079060343294992,50.15951001854533],[6.078100804794572,50.158060465557185],[6.076825612569388,50.157326245046555],[6.072364428420469,50.15649119104002],[6.063880061561674,50.15403360276364],[6.05999763048152,50.154103981063315],[6.055546564589541,50.15498864527219],[6.043087391090829,50.158558152617445],[6.034689721588623,50.1619832203323],[6.031490969524106,50.16414305329275],[6.0301755343212236,50.16598577918924],[6.028562461855331,50.17363619103212],[6.025156888243225,50.181904094909335],[6.025052259934811,50.183577558065245],[6.022133275357797,50.189238136798],[6.021590574457489,50.19133673038997],[6.0218064227211086,50.19243504494995],[6.02262455858838,50.19359035362482],[6.028692906080093,50.198012091240926],[6.031509454071668,50.20077221302204],[6.032814964308858,50.20344940375657],[6.032855947388973,50.20569919662482],[6.031167566166596,50.207261411634136],[6.026546982674418,50.20880153279718],[6.02399429046141,50.20838214338292],[6.0194734183082605,50.20661974162603],[6.015769750397723,50.205868198875805],[6.013473279566525,50.206108496436826],[6.012857879733457,50.20651834941361],[6.012491426882543,50.20744610777077],[6.013890112181053,50.21272504552156],[6.0140496695385774,50.21457057023707],[6.012373524464615,50.21995313138039],[6.01186664247869,50.22599142595094],[6.009983255121583,50.23076167462943],[6.009464099693128,50.23778764233099],[6.010114380786657,50.24052048467208],[6.014591312474092,50.24810205664984],[6.016184146501755,50.2527744382183],[6.015861663304301,50.25480161806834],[6.013899822938969,50.25952708285091],[6.012462668917048,50.26457893215076],[6.011972552673011,50.269822238109434],[6.012321400953801,50.276582104740804],[6.013231242004192,50.281878518125666],[6.014671086315913,50.28729638456944],[6.016032337110439,50.2971062767767],[6.015900856285326,50.30034997470905],[6.014542246366451,50.303491251471705],[6.012468343068363,50.31035105023937],[6.010664120060994,50.31267847998614],[6.008830477863264,50.31387549177249],[6.006498779449975,50.31480815669611],[5.988252762571321,50.319484190291426],[5.984846799258141,50.320796169754765],[5.982518283021437,50.32296332551274],[5.980428388240526,50.32594442584373],[5.979883773852149,50.32785629576365],[5.980200399018227,50.329845674131846],[5.987180273851578,50.33008974659571],[5.995050053846151,50.3298175041532],[5.998438288938459,50.33039714212105],[6.001051786521093,50.33261270414011],[6.00140595701399,50.33343485814861],[6.001215530787196,50.334320174945866],[5.999774906131972,50.335551414809636],[5.995866371930991,50.3357787052212],[6.003178851823014,50.34030594178698],[6.005667744439918,50.341458439876845],[6.017331806270342,50.34295668696083],[6.021135971047823,50.344029692633306],[6.0220485580904555,50.345091377550816],[6.021745964866067,50.3504564307951],[6.022410134045458,50.3506210264471],[6.032783950072743,50.35239276468949],[6.03980378242746,50.35278748017464],[6.051436356960063,50.35259945644025],[6.0600375549660646,50.352059487870854],[6.0699901859492575,50.350510717448266],[6.072110628379788,50.3511121877325],[6.075374496286433,50.35275310772695],[6.08480649270105,50.35916304125381],[6.0869211360157935,50.36172473069894],[6.087727065133968,50.36494886412612],[6.088783774987904,50.36626355880142],[6.096565602994792,50.37159176652437],[6.107610841065562,50.377968826293404],[6.113556306330036,50.37984520802111],[6.117555912120443,50.3778940744314],[6.120416621707207,50.37822663453876],[6.121989739762708,50.378965694563604],[6.123145969662996,50.380056347411504],[6.124362596445989,50.38349219989501],[6.1250187405823375,50.38430813017559],[6.13043609150613,50.386900148675295],[6.143802605736738,50.391213398758424],[6.15260911509599,50.393211274058345],[6.155155866171669,50.3944124023593],[6.160803951782498,50.397999192283415],[6.1664826261349335,50.40014482310924],[6.171652974048122,50.40325185694051],[6.173683296281585,50.40346651269535],[6.177064326281641,50.40195715148655],[6.181862712893645,50.404770523269725],[6.1819200348092105,50.406981618368235],[6.181444908003132,50.40883407956754],[6.178661922908956,50.415457643588105],[6.1772355290703524,50.41717816129473],[6.175701274087121,50.417792951335635],[6.171774119783829,50.417954534570256],[6.169158298670698,50.41849017098709],[6.1620939063704405,50.42142441927858],[6.152604639150777,50.42411337448202],[6.150915525952344,50.42521652762914],[6.1509542836446425,50.428971235014664],[6.150039559026093,50.4344076247312],[6.150620115327371,50.43536069269385],[6.153804440250019,50.438378503616164],[6.154981202733312,50.44107817414305],[6.154047817100062,50.44378905871797],[6.1533979702331605,50.4483382649568],[6.153039347273192,50.46042349951758],[6.152624675964927,50.463420883056905],[6.151713467394904,50.46601373569532],[6.148423029372318,50.472482267256],[6.147446336130613,50.47528743922362],[6.146448026492368,50.480364824883175],[6.146122310992957,50.48737895743119],[6.145287098400941,50.48987248091588],[6.143328530939482,50.49186840527766],[6.137406629562345,50.49397580012526],[6.134956511450959,50.495216217917154],[6.13283987940504,50.49709107799792],[6.132132430663192,50.498767633668336],[6.1329406462955545,50.501585266900236],[6.134335708132156,50.503760872402935],[6.137150842537644,50.50635418838313],[6.140516893047605,50.508313463340855],[6.1519352396868525,50.51315840045454],[6.155390677835665,50.51412549182725],[6.1730214644260615,50.516724821153026],[6.1922040800605025,50.521059538931155],[6.199759624697254,50.52112004839429],[6.2034758687826415,50.520590915585515],[6.20538826994942,50.5199190576677],[6.209629904830391,50.516679001505736],[6.2112552017649945,50.51360077784027],[6.213101641103067,50.511915872693564],[6.220012767013696,50.50389961729196],[6.221323784847717,50.501576903192706],[6.221731458222673,50.49855754597423],[6.222185084004154,50.49776147735086],[6.2239152477232835,50.496275598465374],[6.225454388436893,50.4956956314869],[6.227282866838116,50.495764743119125],[6.2322911753597445,50.497437803617814],[6.239742529354929,50.49921117409258],[6.249367500806148,50.502351535146595],[6.251970078265137,50.50233951790707],[6.255983175701318,50.50011085217568],[6.259748479600772,50.499609377942136],[6.262419693052334,50.50007900905767],[6.268354235778972,50.50288137442325],[6.271666854639786,50.50337699207391],[6.280407722406587,50.50220779056152],[6.28337257020919,50.50070726569955],[6.28499764052402,50.49896367129724],[6.289348960901308,50.498512593923955],[6.2964476877324005,50.498402824193924],[6.3057767666063755,50.50034807101552],[6.309779449132395,50.500346946613114],[6.312702375907727,50.49926809805645],[6.31911370430568,50.495704072593654],[6.330611351322231,50.492278142688036],[6.3356176090075715,50.49004820834911],[6.345842482442885,50.48906306513367],[6.34863273827319,50.488296562323946],[6.348807531875238,50.48783662680624],[6.348453155436573,50.48736127885318],[6.3441439661983905,50.484418838696804],[6.342166792191043,50.482478872955234],[6.3388946147348655,50.474903238500914],[6.339114615196583,50.473069740867146],[6.341432416872305,50.47053896623715],[6.342267056772601,50.468887392987575],[6.3423209169735,50.46729083767449],[6.341606164441696,50.46387642061102],[6.341944872022018,50.46239888625573],[6.343216832586452,50.46099599741076],[6.345293551070612,50.45950840876306],[6.351020045474387,50.456996461126224],[6.360863072131035,50.45499183177283],[6.36926091761352,50.45474659654724],[6.3722700735337785,50.45393515150554],[6.374157726265143,50.45206027015837],[6.375514340628963,50.449210783591305],[6.377027819440841,50.443106000024095],[6.377311168544985,50.43866306403825],[6.376713110666615,50.43501645301081],[6.37534004049275,50.431260950439984],[6.372865297744675,50.42712695010971],[6.368920239414998,50.421841311146814],[6.367778739895757,50.41953222898358],[6.367785986786683,50.41692304734157],[6.369106864670874,50.411707174742745],[6.369319397631785,50.4095409499652],[6.368763062742238,50.40718841144163],[6.3676371437607555,50.40491938997917],[6.365232521563894,50.40160126915629],[6.35941386650334,50.396294969470134],[6.355831557386252,50.39083021819114],[6.347674505976127,50.385379443991155],[6.345513878181476,50.38348218741308],[6.344328863367485,50.38177626232052],[6.344207670434724,50.38030710266898],[6.345225025311637,50.37926518100175],[6.351910485548849,50.37516365860997],[6.359342962540773,50.37158406689692],[6.362192411306167,50.36954503538103],[6.36662409961829,50.36444535744449],[6.368477318140475,50.3615137344478],[6.369661584402857,50.35879453327368],[6.3744324289562595,50.35730107818381],[6.378872687944574,50.354875096379835],[6.383575879327673,50.353497917070754],[6.387073549117007,50.35203289810269],[6.3929709046547165,50.34888153331982],[6.397792528822013,50.345575015997326],[6.399480545373839,50.34357173395703],[6.401610271466824,50.33917922935088],[6.405986991469372,50.336149723485065],[6.407207669983397,50.33447780132017],[6.407502003832372,50.33261798467339],[6.407284737661244,50.33022392796974],[6.405694159708023,50.325431858292795],[6.403944655785186,50.323785732705076],[6.399562992549338,50.322437578808504],[6.3934299068388585,50.32162572890139],[6.385015858188948,50.32140201625018],[6.382396587169056,50.32091077135567],[6.378084348197048,50.31825915760624],[6.374648530590376,50.3147254143331],[6.3728479063375225,50.313839811082325],[6.369577278939598,50.31340696496677],[6.363159673756019,50.31385610691545],[6.360764748232095,50.31333367999371],[6.359419300681309,50.3124385204666],[6.358991917272712,50.31081736986586],[6.359600793717107,50.30928487654314],[6.361622768760836,50.30640415761059],[6.3593128658925675,50.307248341951045],[6.352932786922202,50.31058238880134],[6.3476836504335425,50.31413893625542],[6.342863758179516,50.315833514010556],[6.342394699907171,50.31628297794702],[6.342252245299665,50.31716655870319],[6.341643633515122,50.31757949554703],[6.3358441206415925,50.317679013263394],[6.334177603820977,50.319445727189],[6.3329414658250975,50.32185961241109],[6.331161598930281,50.32293917146337],[6.328755418282508,50.323428567377334],[6.32724153907546,50.3233569588804],[6.319287625146658,50.320426761787694],[6.312773459641736,50.321007536335465],[6.308956273711409,50.32016501901907],[6.3073680834363275,50.319197917957304],[6.3065921762036234,50.3175412582257],[6.3076305361211,50.31374456686711],[6.308730990559504,50.311279434128636],[6.306825966723929,50.31062035859076],[6.300835763618527,50.309891217293604],[6.297522663357069,50.30852542068507],[6.29686759517658,50.307379603625286],[6.296824090632005,50.30550939022605],[6.297251944619247,50.30384310468452],[6.296730453251236,50.30224594629845],[6.293887380299146,50.298775713772564],[6.291120513625428,50.29616774189469],[6.2874854941592195,50.293473719815545],[6.286624295953471,50.28836683749521],[6.285596327915138,50.2862904898251],[6.286626551485705,50.284399048224245],[6.290174033886188,50.28067045784656],[6.290896103740333,50.279206592246894],[6.290858111203688,50.27793872523366],[6.2891965489971575,50.275696965617236],[6.2853855958750735,50.2731030788963],[6.279436651186095,50.268058175711154],[6.276872878589959,50.26699052254814],[6.2719036963534425,50.26670723286536],[6.265747999567424,50.265592704713264],[6.262851915748582,50.26566187744667],[6.259278794893564,50.266435808954675],[6.257403219818536,50.266460030944145],[6.24689797243154,50.26294007508585],[6.2426819884663285,50.262165979048795],[6.2358417273869655,50.26171638340931],[6.22473081655953,50.25824289197129],[6.219549695271794,50.255961645010544],[6.215555943263285,50.25572625004683],[6.209330771764464,50.25292955385763],[6.207283416572772,50.25149496386952],[6.202087858815758,50.242864946529906],[6.19996394888754,50.240282751585575],[6.1979220320576704,50.23873343113537],[6.195788848048983,50.237702336374724],[6.193379509592084,50.23707496853006],[6.184531862492964,50.23673523892898],[6.179710048607396,50.2357649015088],[6.175618526503855,50.23398813210009],[6.174148963231195,50.23250051551474],[6.173878338227323,50.23152235554763]]]]}}]}